$wmc,$dit,$noc,$cbo,$rfc,$lcom,$ca,$ce,$npm,$lcom3,$loc,$dam,$moa,$mfa,$cam,$ic,$cbm,$amc,$max_cc,$avg_cc,$<bug
11,4,2,14,42,29,2,12,5,0.725,395,1.0,1,0.885057471,0.232323232,3,4,34.54545455,3,1.2727,0
14,1,1,8,32,49,4,4,12,0.835164835,257,1.0,0,0.0,0.307692308,0,0,16.85714286,6,1.6429,2
3,2,0,1,9,0,0,1,1,0.0,58,1.0,1,0.7142857140000001,0.666666667,1,1,17.33333333,1,0.6667,0
12,3,0,12,37,32,0,12,12,0.8585858590000001,310,1.0,1,0.770833333,0.45833333299999995,0,0,24.08333333,3,1.4167,0
6,3,0,4,21,1,0,4,6,0.7,136,1.0,0,0.880952381,0.41666666700000005,2,2,21.0,1,0.8333,0
5,1,0,3,15,0,2,1,4,0.5,137,1.0,0,0.0,0.9,0,0,25.2,4,1.8,0
4,4,0,6,32,6,0,6,1,2.0,325,0.0,0,0.9638554220000001,0.75,3,5,80.25,11,5.25,0
16,3,0,3,40,84,1,2,16,0.658333333,604,1.0,2,0.580645161,0.291666667,2,7,36.25,1,0.8125,0
4,5,0,5,21,0,0,5,4,0.333333333,87,1.0,0,0.98089172,1.0,1,1,20.5,3,1.25,0
17,3,0,10,55,76,5,6,11,0.59375,461,1.0,0,0.6521739129999999,0.28571428600000004,1,1,25.88235294,6,2.6471,1
9,3,0,9,29,0,0,9,9,0.583333333,168,1.0,1,0.8222222220000001,0.444444444,0,0,17.33333333,2,1.4444,0
3,3,0,3,14,1,0,3,3,0.5,84,1.0,0,0.9487179490000001,0.666666667,1,1,26.66666667,1,0.6667,1
10,3,0,5,41,21,1,5,7,0.793650794,360,1.0,0,0.804347826,0.45,0,0,34.3,2,1.1,0
17,2,0,9,64,76,7,2,9,0.879166667,713,0.6,2,0.708333333,0.33928571399999996,1,3,40.05882353,9,1.4118,2
5,1,5,12,11,8,11,1,5,0.75,59,1.0,0,0.0,0.7,0,0,10.6,5,1.6,0
10,1,0,9,49,1,0,9,8,0.920634921,382,1.0,0,0.0,0.833333333,0,0,35.1,4,1.9,0
22,4,0,16,72,165,1,16,16,0.904761905,675,1.0,1,0.787878788,0.22727272699999998,3,3,29.04545455,4,1.2273,1
5,1,0,4,13,0,0,4,5,0.5,65,1.0,0,0.0,0.8,0,0,11.6,3,1.2,0
4,1,0,2,7,6,1,1,4,2.0,20,0.0,0,0.0,0.875,0,0,4.0,1,0.75,0
4,1,0,3,4,6,2,1,4,2.0,4,0.0,0,0.0,0.5,0,0,0.0,1,1.0,0
9,1,4,8,15,18,5,3,5,0.708333333,98,1.0,1,0.0,0.288888889,0,0,9.555555556,2,1.0,0
8,3,0,6,46,10,0,6,7,0.771428571,394,1.0,0,0.8409090909999999,0.375,1,1,47.625,2,1.0,0
22,4,1,15,104,185,2,13,8,0.8392857140000001,1180,1.0,0,0.7959183670000001,0.18027210899999999,3,3,52.27272727,3,1.0455,3
2,1,0,4,2,1,3,2,2,2.0,2,0.0,0,0.0,0.75,0,0,0.0,1,1.0,0
7,2,1,8,15,1,7,1,4,0.583333333,92,1.0,1,0.454545455,0.46428571399999996,1,1,11.57142857,1,0.8571,0
2,1,0,1,6,0,1,0,2,1.0,39,1.0,0,0.0,0.666666667,0,0,16.5,2,1.0,0
23,1,1,22,51,181,20,2,14,0.731404959,1407,1.0,0,0.0,0.290909091,0,0,59.69565217,35,5.8696,0
12,1,0,3,21,44,1,2,5,0.805194805,147,1.0,1,0.0,0.261904762,0,0,10.66666667,4,1.25,0
3,3,0,5,17,0,1,5,3,0.0,91,1.0,0,0.9487179490000001,1.0,0,0,29.0,1,0.6667,0
4,1,0,2,5,6,1,1,4,2.0,16,0.0,0,0.0,0.875,0,0,3.0,1,0.75,0
3,1,0,8,16,3,1,7,1,2.0,125,0.0,0,0.0,0.444444444,0,0,40.66666667,1,0.6667,0
0,1,0,0,0,0,0,0,0,2.0,0,0.0,0,0.0,0.0,0,0,0.0,0,0.0,0
9,6,0,7,33,28,0,7,6,0.8125,163,1.0,0,0.950617284,0.4,4,6,16.88888889,2,1.0,0
7,3,0,7,22,0,0,7,7,0.625,147,1.0,0,0.860465116,0.342857143,1,1,19.42857143,5,1.4286,0
16,3,2,24,56,0,16,8,14,0.6,353,1.0,1,0.681818182,0.2265625,1,1,20.8125,4,1.75,1
13,3,0,7,35,52,0,7,10,0.869047619,273,1.0,2,0.7551020409999999,0.35384615399999997,1,1,19.46153846,6,1.6923,0
14,1,0,7,82,65,0,7,1,0.8165680470000001,1253,0.846153846,0,0.0,0.16964285699999998,0,0,87.57142857,4,2.1429,1
6,3,0,10,33,0,3,8,5,0.46666666700000003,198,1.0,1,0.880952381,0.333333333,2,4,31.5,2,1.0,3
9,5,0,12,36,0,0,12,4,0.525,375,1.0,3,0.9304347829999999,0.4,2,4,40.11111111,11,2.4444,0
5,3,0,4,18,0,0,4,5,0.666666667,107,1.0,0,0.9024390240000001,0.8,1,1,19.8,1,0.8,0
3,1,0,3,9,3,1,2,2,2.0,43,0.0,0,0.0,0.666666667,0,0,13.33333333,1,0.6667,0
27,3,0,11,83,291,2,9,20,0.889423077,658,1.0,2,0.587301587,0.185185185,0,0,23.07407407,11,1.9259,2
10,3,0,9,70,1,1,8,8,0.703703704,440,0.666666667,1,0.804347826,0.46666666700000003,1,1,42.4,6,1.9,0
24,3,0,27,80,182,20,8,18,0.565217391,693,0.666666667,2,0.588235294,0.15415019800000002,2,5,27.75,13,2.2917,0
6,2,0,3,11,13,2,1,6,0.8,68,1.0,0,0.924242424,0.444444444,1,5,10.16666667,3,1.5,0
14,3,0,5,35,63,0,5,13,0.9090909090000001,307,1.0,0,0.74,0.595238095,2,3,20.14285714,7,1.3571,0
5,4,0,1,9,10,1,0,3,0.75,81,0.0,0,0.924528302,0.44,2,2,15.0,5,2.0,0
2,1,0,5,29,0,0,5,0,0.0,176,1.0,2,0.0,0.6,0,0,85.5,10,5.0,0
2,2,0,9,23,1,1,8,2,2.0,204,0.0,0,0.958333333,1.0,1,1,101.0,1,0.5,0
5,1,0,10,5,10,10,0,5,2.0,5,0.0,0,0.0,0.533333333,0,0,0.0,1,1.0,0
5,1,0,7,17,0,0,7,5,0.5,75,1.0,0,0.0,0.8,0,0,13.4,3,1.2,0
12,3,11,18,37,0,12,6,11,0.454545455,164,1.0,1,0.770833333,0.41666666700000005,0,0,12.5,6,1.5833,0
2,2,0,8,17,1,1,7,2,2.0,97,1.0,0,0.958333333,1.0,0,0,47.0,1,0.5,0
17,1,0,19,73,112,13,7,5,0.84375,502,1.0,1,0.0,0.170454545,0,0,28.17647059,2,1.0,3
1,2,0,9,3,0,6,3,1,2.0,14,0.0,0,1.0,1.0,0,0,13.0,0,0.0,0
18,4,0,8,49,19,0,8,16,0.773109244,579,1.0,0,0.821052632,0.296296296,2,3,30.77777778,14,2.1111,0
23,3,0,10,96,175,1,10,19,0.8863636359999999,1034,1.0,2,0.627118644,0.191304348,3,3,43.08695652,7,1.3043,0
42,4,1,19,74,741,7,13,40,0.948350072,550,1.0,4,0.655462185,0.210884354,3,3,11.69047619,2,1.2143,0
5,1,0,4,20,0,0,4,4,0.333333333,144,1.0,1,0.0,0.9,0,0,27.2,5,2.2,0
3,3,0,2,6,1,0,2,3,0.5,29,1.0,0,0.9487179490000001,0.666666667,0,0,8.333333332999999,1,0.6667,0
7,1,0,6,7,21,5,1,7,2.0,7,0.0,0,0.0,1.0,0,0,0.0,1,1.0,0
3,1,0,15,3,3,15,0,3,2.0,3,0.0,0,0.0,1.0,0,0,0.0,1,1.0,0
11,3,0,11,37,11,3,8,10,0.683333333,285,1.0,3,0.75,0.287878788,1,1,24.36363636,3,1.9091,0
5,1,0,51,10,8,51,0,3,0.3125,69,0.75,1,0.0,0.583333333,0,0,12.0,3,0.6,0
4,3,0,4,32,2,0,4,4,0.666666667,215,1.0,0,0.925,0.75,1,1,52.25,1,0.75,0
9,1,0,8,25,10,5,3,7,0.6875,114,1.0,0,0.0,0.25,0,0,11.22222222,1,0.8889,2
11,2,0,7,15,13,5,3,11,0.75,97,1.0,3,0.2,0.22077922100000003,0,0,7.272727272999999,1,0.7273,0
4,2,0,1,11,0,0,1,1,0.222222222,68,1.0,1,0.625,0.5,1,1,15.25,2,1.0,0
5,1,0,16,12,4,14,2,5,0.25,55,1.0,0,0.0,0.533333333,0,0,9.8,1,0.6,0
8,4,0,12,65,2,0,12,6,0.916666667,583,0.166666667,0,0.9176470590000001,0.333333333,3,3,70.375,3,1.25,0
13,4,0,7,55,30,1,7,10,0.802083333,590,1.0,1,0.8666666670000001,0.5,2,2,43.76923077,1,0.9231,0
8,3,0,3,40,10,0,3,8,0.7142857140000001,271,1.0,0,0.8409090909999999,0.40625,1,1,32.375,4,1.25,0
6,1,0,7,26,0,1,6,6,0.65,185,1.0,3,0.0,0.305555556,0,0,29.16666667,1,0.8333,0
4,1,0,5,4,6,4,1,4,2.0,4,0.0,0,0.0,0.875,0,0,0.0,1,1.0,0
8,4,0,7,34,6,0,7,8,0.761904762,626,1.0,0,0.9176470590000001,0.4375,2,2,76.5,3,1.625,3
21,1,0,25,77,162,10,16,14,0.7375,566,0.916666667,4,0.0,0.135,0,0,25.38095238,7,1.8095,1
6,5,1,6,33,7,1,5,3,0.7,164,1.0,0,0.961538462,0.5,3,6,26.0,2,1.0,0
5,3,0,7,20,2,0,7,5,0.625,76,1.0,1,0.9024390240000001,0.6,2,2,13.8,2,1.0,0
71,1,0,103,186,2247,99,7,55,0.97244898,2193,0.571428571,0,0.0,0.127731092,0,0,29.49295775,18,1.5775,1
4,3,0,3,17,4,0,3,3,0.666666667,152,1.0,0,0.925,0.75,1,1,36.75,1,0.75,0
8,1,0,6,25,0,5,1,7,0.6,169,1.0,0,0.0,0.41666666700000005,0,0,19.5,7,1.875,0
3,1,0,9,25,1,7,2,3,0.0,277,1.0,1,0.0,0.666666667,0,0,91.0,14,5.3333,0
9,5,0,10,20,4,3,7,9,0.6875,110,1.0,0,0.9191919190000001,0.38888888899999996,2,7,10.77777778,3,1.2222,0
17,3,1,12,64,52,1,11,13,0.7932692309999999,642,1.0,1,0.698113208,0.242647059,1,1,36.0,11,2.0,0
0,1,0,1,0,0,1,0,0,2.0,24,0.0,0,0.0,0.0,0,0,0.0,0,0.0,0
31,1,0,6,65,243,4,2,30,0.726666667,747,1.0,0,0.0,0.18279569899999998,1,1,22.61290323,4,1.1613,0
21,1,0,2,35,38,2,0,17,0.6318181820000001,617,0.818181818,0,0.0,0.293650794,0,0,27.85714286,3,0.8571,0
3,1,1,5,9,0,3,2,3,0.0,47,1.0,0,0.0,0.666666667,0,0,14.33333333,1,0.6667,0
15,3,0,3,37,41,1,2,14,0.6964285709999999,437,0.75,1,0.454545455,0.311111111,1,2,27.33333333,1,0.8,0
13,1,0,4,13,78,4,0,13,2.0,13,0.0,0,0.0,0.326923077,0,0,0.0,1,1.0,0
10,1,4,17,81,5,4,13,4,0.783625731,743,1.0,7,0.0,0.25925925899999996,0,0,71.4,14,4.2,1
8,1,0,1,14,28,1,0,8,2.0,274,0.0,0,0.0,0.45,0,0,33.25,7,2.875,0
6,3,0,4,25,11,0,4,4,0.8,157,1.0,0,0.880952381,0.4,2,2,24.83333333,1,0.8333,0
8,3,0,7,32,8,3,4,5,0.738095238,300,0.833333333,0,0.860465116,0.35714285700000004,1,1,35.75,1,0.75,0
2,2,0,9,19,1,1,8,2,2.0,120,0.0,0,0.958333333,1.0,1,1,59.0,1,0.5,0
8,3,0,8,25,14,1,7,8,0.7142857140000001,157,1.0,1,0.8409090909999999,0.375,0,0,18.25,2,1.125,0
19,3,1,18,56,97,5,13,12,0.814814815,406,1.0,2,0.672727273,0.190789474,0,0,19.89473684,3,1.0526,0
5,1,0,1,18,0,1,0,3,0.5,96,1.0,0,0.0,0.533333333,0,0,17.8,2,1.0,0
22,3,0,17,77,95,0,17,19,0.7428571429999999,439,1.0,1,0.637931034,0.17272727300000001,1,1,18.72727273,2,1.0,0
19,1,0,23,46,65,22,3,17,0.41666666700000005,448,1.0,0,0.0,0.289473684,0,0,22.47368421,16,2.4211,0
19,4,0,8,69,91,2,8,13,0.7777777779999999,632,1.0,2,0.8125,0.36842105299999994,1,1,31.89473684,5,1.2632,1
5,4,0,8,45,6,0,8,4,0.75,261,1.0,0,0.951219512,0.6,4,5,50.8,7,2.0,0
21,1,0,9,47,48,1,8,21,0.68,277,1.0,4,0.0,0.30952381,0,0,11.95238095,7,1.4286,1
5,1,0,1,35,4,1,0,4,0.583333333,354,1.0,0,0.0,0.5,0,0,69.2,8,3.2,0
4,3,0,8,42,2,0,8,4,0.666666667,242,1.0,0,0.925,0.75,2,3,59.0,1,0.75,0
8,3,0,6,55,24,0,6,3,0.80952381,643,0.5,0,0.8409090909999999,0.303571429,0,0,78.625,3,1.25,0
3,1,0,1,3,3,1,0,3,2.0,3,0.0,0,0.0,1.0,0,0,0.0,1,1.0,0
11,1,1,8,17,41,6,2,8,0.7,93,1.0,0,0.0,0.666666667,0,0,7.090909091,1,0.7273,0
3,1,0,2,15,0,2,0,3,0.166666667,100,1.0,0,0.0,0.666666667,0,0,31.33333333,2,1.0,0
4,1,0,4,5,0,3,1,4,0.333333333,24,1.0,0,0.0,0.875,0,0,4.75,1,0.75,0
2,1,0,0,6,1,0,0,2,2.0,45,0.0,0,0.0,0.666666667,0,0,21.5,8,4.0,0
14,3,0,6,33,65,0,6,14,0.91025641,404,1.0,1,0.74,0.595238095,2,3,27.0,2,1.0,0
6,3,0,4,24,5,0,4,5,0.7333333329999999,153,1.0,0,0.880952381,0.5,0,0,24.0,1,0.8333,0
14,5,0,10,43,15,0,10,12,0.615384615,168,1.0,1,0.8916666670000001,0.39285714299999996,3,5,10.85714286,5,1.3571,0
19,1,0,18,47,97,16,5,16,0.833333333,273,1.0,1,0.0,0.30526315800000003,0,0,13.0,3,1.4211,1
3,2,0,8,18,3,1,7,2,1.0,132,0.0,0,0.92,0.5,0,0,42.0,1,0.6667,0
19,1,34,78,23,119,75,5,16,0.8730158729999999,125,1.0,4,0.0,0.218045113,0,0,5.210526316,2,1.0,0
7,4,0,11,32,0,0,11,6,0.666666667,189,1.0,1,0.9285714290000001,0.342857143,1,1,25.42857143,3,1.1429,0
4,3,0,6,15,0,4,2,4,0.333333333,82,0.0,0,0.925,0.625,1,1,19.25,1,0.75,0
8,4,0,6,35,4,0,6,7,0.7142857140000001,265,1.0,0,0.9176470590000001,0.46875,3,3,31.375,5,1.375,0
65,3,0,21,155,1670,6,21,59,0.9171875,1504,1.0,5,0.37,0.244140625,3,3,21.83076923,10,1.5231,0
14,4,0,99,28,0,98,1,14,0.384615385,153,1.0,1,0.65,0.333333333,1,2,9.785714286000001,2,0.6429,0
14,1,0,24,63,63,20,20,9,0.841346154,822,0.4375,0,0.0,0.333333333,0,0,56.57142857,24,2.7857,2
4,2,0,3,16,0,0,3,4,0.333333333,59,1.0,0,0.842105263,0.875,1,1,13.5,5,1.75,0
27,1,0,3,63,297,1,2,10,0.778846154,527,0.0,2,0.0,0.37962963,0,0,18.22222222,11,1.4444,0
14,3,0,8,41,33,1,8,10,0.7606837609999999,385,1.0,2,0.74,0.35714285700000004,1,1,25.85714286,4,1.5714,0
5,3,0,9,43,0,0,9,5,0.666666667,276,1.0,0,0.9024390240000001,0.533333333,2,3,53.6,1,0.8,0
13,1,1,8,20,46,6,2,8,0.666666667,111,1.0,0,0.0,0.615384615,0,0,7.230769231,1,0.7692,0
8,4,0,7,35,4,0,7,7,0.7142857140000001,265,1.0,0,0.9176470590000001,0.46875,3,3,31.375,5,1.375,0
31,1,0,6,65,243,4,2,30,0.726666667,747,1.0,0,0.0,0.18279569899999998,1,1,22.61290323,4,1.1613,0
15,3,0,3,37,41,1,2,14,0.6964285709999999,437,0.75,1,0.454545455,0.311111111,1,2,27.33333333,1,0.8,0
12,1,0,3,21,44,1,2,5,0.805194805,147,1.0,1,0.0,0.261904762,0,0,10.66666667,4,1.25,0
2,2,0,6,9,1,1,5,2,2.0,33,0.0,0,0.958333333,1.0,0,0,15.5,1,0.5,0
6,3,0,6,16,5,0,6,5,0.7333333329999999,95,1.0,0,0.880952381,0.5,0,0,14.33333333,1,0.8333,0
15,4,2,18,55,37,2,16,9,0.728571429,730,1.0,4,0.846153846,0.193333333,3,7,47.0,12,2.4667,1
7,3,0,8,22,0,0,8,7,0.625,147,1.0,0,0.860465116,0.342857143,1,1,19.42857143,5,1.4286,0
26,3,0,15,108,233,1,15,22,0.9026086959999999,1156,1.0,2,0.596774194,0.16025641,3,3,42.57692308,7,1.2692,1
3,3,0,5,22,0,1,5,3,0.0,149,1.0,0,0.9487179490000001,0.666666667,0,0,48.33333333,1,0.6667,0
19,1,0,30,46,65,29,3,17,0.41666666700000005,448,1.0,0,0.0,0.289473684,0,0,22.47368421,16,2.4211,0
6,4,0,8,34,0,0,8,6,0.6,493,1.0,0,0.939759036,0.5555555560000001,1,1,80.5,1,0.8333,2
2,2,0,10,9,1,6,4,2,2.0,31,0.0,0,0.923076923,0.666666667,0,0,14.5,1,0.5,0
26,3,0,33,80,201,26,8,20,0.573333333,719,0.666666667,2,0.5660377360000001,0.152727273,2,11,26.53846154,14,2.2692,0
3,3,0,3,10,0,0,3,3,0.0,32,1.0,0,0.9487179490000001,0.666666667,0,0,9.333333332999999,1,0.6667,0
3,2,0,9,22,3,1,8,2,2.0,128,0.0,0,0.92,1.0,1,1,41.66666667,9,3.3333,0
9,3,0,9,29,0,0,9,9,0.583333333,168,1.0,1,0.8222222220000001,0.444444444,0,0,17.33333333,2,1.4444,0
4,3,0,5,32,2,0,5,4,0.666666667,215,1.0,0,0.925,0.75,1,1,52.25,1,0.75,0
2,1,0,1,6,0,1,0,2,1.0,39,1.0,0,0.0,0.666666667,0,0,16.5,2,1.0,0
3,1,0,2,15,0,2,0,3,0.166666667,100,1.0,0,0.0,0.666666667,0,0,31.33333333,2,1.0,0
14,3,2,11,41,67,3,8,11,0.846153846,366,1.0,1,0.74,0.223214286,1,1,24.71428571,4,1.2857,0
19,1,0,24,81,147,17,8,7,0.8611111109999999,560,1.0,1,0.0,0.17129629600000001,0,0,28.15789474,2,1.0,0
8,3,0,2,39,10,0,2,8,0.7142857140000001,265,1.0,0,0.8409090909999999,0.325,1,1,31.625,4,1.25,0
23,1,1,25,52,181,23,2,14,0.731404959,1489,1.0,0,0.0,0.290909091,0,0,63.26086957,35,6.087000000000001,0
5,1,0,5,13,0,4,1,5,0.0,69,1.0,0,0.0,0.533333333,0,0,12.6,3,1.2,0
14,3,0,7,33,65,0,7,14,0.91025641,404,1.0,1,0.74,0.595238095,2,3,27.0,2,1.0,1
2,2,0,6,11,1,1,5,2,2.0,37,0.0,0,0.958333333,1.0,0,0,17.5,1,0.5,0
1,5,0,1,2,0,0,1,1,2.0,4,0.0,0,1.0,1.0,0,0,3.0,0,0.0,0
5,1,0,2,15,0,1,1,4,0.5,137,1.0,0,0.0,0.9,0,0,25.2,4,1.8,0
4,1,0,4,5,0,3,1,4,0.333333333,24,1.0,0,0.0,0.875,0,0,4.75,1,0.75,0
21,1,0,27,78,158,11,17,15,0.735714286,659,0.9285714290000001,5,0.0,0.145,0,0,29.71428571,7,1.6667,1
14,3,12,20,41,0,13,7,13,0.46153846200000004,174,1.0,1,0.74,0.39285714299999996,0,0,11.28571429,6,1.5,0
4,1,0,2,5,6,1,1,4,2.0,16,0.0,0,0.0,0.875,0,0,3.0,1,0.75,0
6,1,0,7,28,1,1,6,6,0.6,173,1.0,3,0.0,0.305555556,0,0,27.33333333,1,0.8333,0
20,2,40,100,28,158,96,6,16,0.8771929820000001,164,1.0,3,0.321428571,0.258333333,1,3,6.9,3,1.1,0
5,1,0,19,12,4,17,2,5,0.25,55,1.0,0,0.0,0.533333333,0,0,9.8,1,0.6,0
27,1,0,3,63,297,1,2,10,0.778846154,527,0.0,2,0.0,0.37962963,0,0,18.22222222,11,1.4444,0
14,1,1,9,34,47,4,5,12,0.8241758240000001,279,1.0,0,0.0,0.307692308,0,0,18.42857143,6,1.8571,1
1,1,0,9,1,0,8,1,1,2.0,1,0.0,0,0.0,1.0,0,0,0.0,1,1.0,1
7,1,0,11,7,21,10,1,7,2.0,7,0.0,0,0.0,1.0,0,0,0.0,1,1.0,0
7,6,0,8,31,13,0,8,4,0.75,151,1.0,0,0.9625,0.4,4,9,20.28571429,2,1.0,0
4,1,0,5,4,6,4,1,4,2.0,4,0.0,0,0.0,0.875,0,0,0.0,1,1.0,0
4,5,0,6,21,0,0,6,4,0.333333333,87,1.0,0,0.98089172,1.0,1,1,20.5,3,1.25,0
44,4,0,19,91,802,6,14,40,0.94369645,724,0.947368421,2,0.644628099,0.156818182,3,3,15.02272727,7,1.4091,0
8,3,0,12,38,4,3,10,6,0.523809524,243,1.0,1,0.8409090909999999,0.35,1,4,29.0,3,1.375,0
6,3,0,2,29,0,0,2,5,0.64,1260,1.0,0,0.880952381,0.5555555560000001,1,1,208.16666669999998,2,1.0,0
5,1,2,59,7,0,59,1,5,0.0,33,1.0,1,0.0,0.45,0,0,5.4,2,1.0,0
11,1,0,11,61,0,0,11,8,0.913333333,517,1.0,1,0.0,0.8,0,0,44.63636364,9,2.7273,0
2,3,0,3,8,1,0,3,2,2.0,28,0.0,0,0.967741935,0.75,0,0,13.0,2,1.0,1
5,1,0,4,20,0,0,4,4,0.333333333,144,1.0,1,0.0,0.9,0,0,27.2,5,2.2,0
1,3,0,4,2,0,4,0,1,2.0,5,0.0,0,1.0,1.0,0,0,4.0,0,0.0,0
4,1,0,3,7,2,1,2,4,0.666666667,34,1.0,0,0.0,0.75,0,0,7.0,1,0.75,1
5,4,0,1,9,10,1,0,3,0.75,81,0.0,0,0.924528302,0.44,2,2,15.0,5,2.0,0
21,4,0,13,73,128,1,13,14,0.85,737,1.0,3,0.7959183670000001,0.301587302,3,3,33.47619048,3,1.0952,0
9,1,0,5,53,0,1,4,9,0.819444444,396,0.333333333,1,0.0,0.23809523800000001,0,0,42.0,7,1.7778,0
2,3,0,3,8,1,1,3,2,2.0,33,0.0,0,0.96969697,1.0,0,0,15.5,1,0.5,1
4,3,0,5,12,0,0,5,4,0.333333333,48,1.0,0,0.925,0.75,0,0,10.75,1,0.75,2
4,2,0,1,11,0,0,1,1,0.222222222,68,1.0,1,0.625,0.5,1,1,15.25,2,1.0,0
76,1,0,120,177,2446,114,12,63,0.9694623659999999,1776,0.612903226,3,0.0,0.118518519,0,0,21.96052632,5,1.3289,0
17,1,0,5,39,74,1,4,13,0.65625,359,1.0,0,0.0,0.2421875,0,0,19.76470588,5,1.5882,0
2,5,0,1,7,0,1,0,2,0.0,20,1.0,0,0.9285714290000001,0.75,0,0,8.5,1,0.5,0
8,4,0,13,65,2,0,13,6,0.916666667,608,0.166666667,0,0.9176470590000001,0.333333333,2,2,73.5,3,1.25,0
3,2,0,8,22,3,1,7,2,1.0,152,0.0,0,0.8666666670000001,0.5,0,0,48.66666667,1,0.6667,1
20,3,0,10,60,114,5,6,14,0.605263158,557,1.0,0,0.6122448979999999,0.264285714,1,1,26.65,9,2.8,0
26,3,0,19,87,105,0,19,21,0.773333333,514,1.0,1,0.596774194,0.17692307699999998,1,3,18.53846154,2,1.0385,0
3,1,0,9,25,1,7,2,3,0.0,277,1.0,1,0.0,0.666666667,0,0,91.0,14,5.3333,0
5,1,11,21,11,8,20,1,5,0.75,59,1.0,0,0.0,0.7,0,0,10.6,5,1.6,0
8,1,0,4,39,22,1,3,6,0.7857142859999999,377,0.5,0,0.0,0.166666667,0,0,45.875,3,1.25,0
2,1,0,4,2,1,3,2,2,2.0,2,0.0,0,0.0,0.75,0,0,0.0,1,1.0,0
8,3,0,11,39,0,3,8,6,0.6571428570000001,294,1.0,1,0.8409090909999999,0.325,0,0,35.125,1,0.875,0
2,1,0,5,29,0,0,5,0,0.0,176,1.0,2,0.0,0.6,0,0,85.5,10,5.0,0
23,2,0,5,68,181,2,3,17,0.806818182,462,0.875,0,0.5476190479999999,0.140909091,0,0,18.73913043,5,1.4783,0
8,3,0,7,46,10,0,7,7,0.771428571,394,1.0,0,0.8409090909999999,0.375,1,1,47.625,2,1.0,0
10,3,0,7,60,41,0,7,3,0.9,748,0.6,0,0.804347826,0.28571428600000004,0,0,72.8,7,2.1,1
13,1,0,5,13,78,5,0,13,2.0,13,0.0,0,0.0,0.326923077,0,0,0.0,1,1.0,0
20,4,0,7,71,102,2,7,14,0.821052632,677,1.0,2,0.8041237109999999,0.3,2,2,32.35,5,1.25,1
18,3,0,10,59,103,6,5,14,0.774509804,466,0.5,0,0.6521739129999999,0.3,0,0,24.55555556,5,1.8333,0
28,4,1,21,123,302,3,18,11,0.868945869,1423,1.0,0,0.75,0.158024691,4,5,49.35714286,3,1.1071,0
2,3,0,3,7,1,1,3,2,2.0,23,0.0,0,0.96969697,1.0,0,0,10.5,1,0.5,1
3,2,0,7,19,3,1,6,2,1.0,96,0.0,0,0.8666666670000001,0.5,0,0,30.66666667,1,0.6667,1
0,1,0,1,0,0,1,0,0,2.0,7,0.0,0,0.0,0.0,0,0,0.0,0,0.0,0
16,5,0,13,55,26,0,13,14,0.577777778,275,1.0,1,0.87704918,0.390625,3,6,16.0,5,1.375,1
5,1,0,4,13,0,0,4,5,0.5,65,1.0,0,0.0,0.8,0,0,11.6,3,1.2,0
2,2,0,7,13,1,1,6,2,2.0,66,1.0,0,0.958333333,1.0,0,0,31.5,1,0.5,0
3,2,0,8,20,3,1,7,2,1.0,150,0.0,0,0.92,0.5,0,0,48.0,1,0.6667,0
18,3,2,31,62,0,23,8,16,0.6176470589999999,396,1.0,1,0.6521739129999999,0.215277778,1,1,20.77777778,5,1.8889,0
23,3,1,18,69,163,4,14,14,0.846153846,514,1.0,2,0.637931034,0.198863636,0,0,20.7826087,3,1.0435,3
20,1,0,4,42,130,0,4,18,0.736842105,376,1.0,1,0.0,0.284210526,0,0,17.45,3,1.15,0
9,6,0,8,33,28,0,8,6,0.8125,163,1.0,0,0.950617284,0.4,4,9,16.88888889,2,1.0,0
7,1,0,2,52,19,0,2,2,0.944444444,412,0.0,0,0.0,0.166666667,0,0,57.42857143,6,3.0,0
9,5,0,11,20,4,4,7,9,0.6875,108,1.0,0,0.9191919190000001,0.38888888899999996,2,7,10.55555556,3,1.2222,0
13,3,0,10,78,8,1,9,9,0.75,502,0.7142857140000001,1,0.7551020409999999,0.384615385,2,3,37.07692308,8,2.0,3
18,3,0,8,55,119,0,8,15,0.882352941,474,1.0,0,0.685185185,0.472222222,0,0,24.61111111,13,2.0,0
2,3,0,3,7,1,1,3,2,2.0,23,0.0,0,0.96969697,1.0,0,0,10.5,1,0.5,1
4,1,0,4,4,6,3,1,4,2.0,4,0.0,0,0.0,0.5,0,0,0.0,1,1.0,0
8,3,0,9,32,6,0,9,6,0.685714286,201,1.0,0,0.860465116,0.30952381,1,1,23.5,6,1.5,1
5,1,0,10,5,10,10,0,5,2.0,5,0.0,0,0.0,0.533333333,0,0,0.0,1,1.0,0
8,1,0,6,25,0,5,1,7,0.6,169,1.0,0,0.0,0.41666666700000005,0,0,19.5,7,1.875,0
1,1,0,9,1,0,8,1,1,2.0,1,0.0,0,0.0,1.0,0,0,0.0,1,1.0,0
3,1,1,6,9,0,4,2,3,0.0,47,1.0,0,0.0,0.666666667,0,0,14.33333333,1,0.6667,0
18,3,0,10,49,115,1,9,14,0.836601307,397,1.0,3,0.685185185,0.333333333,0,0,20.55555556,6,1.8333,0
8,1,0,1,14,28,1,0,8,2.0,274,0.0,0,0.0,0.45,0,0,33.25,7,2.875,0
18,1,0,8,91,123,0,8,3,0.8067226890000001,1400,0.857142857,0,0.0,0.141176471,0,0,76.0,7,2.1111,0
3,3,0,3,14,1,0,3,3,0.5,84,1.0,0,0.9487179490000001,0.666666667,1,1,26.66666667,1,0.6667,0
3,1,0,17,3,3,17,0,3,2.0,3,0.0,0,0.0,1.0,0,0,0.0,1,1.0,0
9,1,0,7,34,0,0,7,8,0.75,298,0.25,0,0.0,0.592592593,0,0,31.66666667,5,2.7778,1
17,4,0,10,83,70,1,10,10,0.9655172409999999,1273,1.0,0,0.8297872340000001,0.176470588,2,2,72.17647059,8,2.1765,0
77,3,0,28,196,2320,6,28,68,0.935222672,2040,1.0,9,0.330357143,0.161184211,3,3,25.15584416,19,1.7143,0
15,3,0,15,54,59,0,15,15,0.880952381,398,1.0,1,0.725490196,0.373333333,0,0,24.73333333,3,1.3333,1
6,1,0,5,6,15,4,1,6,2.0,6,0.0,0,0.0,0.444444444,0,0,0.0,1,1.0,0
5,3,0,4,17,0,0,4,5,0.666666667,101,1.0,0,0.9024390240000001,0.533333333,1,1,18.6,1,0.8,0
26,1,0,9,62,119,1,8,24,0.68,437,1.0,4,0.0,0.317307692,0,0,15.53846154,6,1.6923,1
11,2,0,12,15,13,9,4,11,0.75,97,1.0,3,0.2,0.22077922100000003,0,0,7.272727272999999,1,0.7273,0
14,5,2,12,64,69,2,10,5,0.807692308,531,1.0,2,0.905797101,0.24603174600000002,2,7,36.64285714,6,1.3571,0
19,4,0,10,52,27,0,10,17,0.7777777779999999,699,1.0,0,0.8125,0.298245614,3,4,35.36842105,16,2.3158,0
4,1,0,2,7,6,1,1,4,2.0,20,0.0,0,0.0,0.875,0,0,4.0,1,0.75,0
14,4,0,136,26,0,135,1,14,0.384615385,153,1.0,1,0.65,0.333333333,1,2,9.785714286000001,2,0.6429,0
5,2,0,7,18,10,1,6,4,1.0,95,0.0,0,0.764705882,0.5,0,0,17.8,1,0.8,1
5,1,0,7,17,0,0,7,5,0.5,75,1.0,0,0.0,0.8,0,0,13.4,3,1.2,0
21,1,0,24,48,116,20,7,18,0.814285714,322,1.0,1,0.0,0.253968254,0,0,14.0,3,1.4762,0
20,3,1,16,74,92,1,15,14,0.8245614040000001,720,1.0,2,0.660714286,0.225,2,2,34.25,13,1.95,2
2,6,0,3,4,1,0,3,1,2.0,11,0.0,0,0.987179487,0.666666667,0,0,4.5,1,0.5,0
10,3,0,2,21,21,0,2,9,0.6,135,1.0,0,0.804347826,0.4,1,1,12.0,1,0.9,0
2,2,0,9,24,1,1,8,2,2.0,222,0.0,0,0.958333333,1.0,1,1,110.0,1,0.5,0
4,2,0,10,25,6,1,9,2,1.0,183,0.0,0,0.884615385,0.5,0,0,44.5,9,2.75,0
7,2,0,2,18,11,1,1,4,0.6333333329999999,118,1.0,1,0.454545455,0.35714285700000004,1,1,15.14285714,2,1.0,0
16,3,0,3,40,84,1,2,16,0.658333333,604,1.0,2,0.580645161,0.291666667,2,7,36.25,1,0.8125,0
7,1,0,6,8,0,6,0,7,0.0,89,1.0,0,0.0,0.428571429,1,1,11.57142857,4,1.0,0
11,3,0,11,38,11,3,8,10,0.683333333,287,1.0,3,0.75,0.287878788,1,1,24.54545455,3,1.9091,0
2,6,0,4,4,1,1,3,1,2.0,11,0.0,0,0.987179487,0.666666667,0,0,4.5,1,0.5,0
16,1,0,7,78,118,5,3,12,0.8888888890000001,745,0.666666667,0,0.0,0.41111111100000003,0,0,45.375,22,3.125,0
17,4,0,7,81,40,4,3,10,0.8214285709999999,1159,0.904761905,8,0.516129032,0.25,2,4,65.94117647,2,0.9412,0
10,1,0,3,13,31,1,2,10,0.703703704,76,1.0,1,0.0,0.375,0,0,6.3,2,1.1,0
3,2,0,1,9,0,0,1,1,0.0,58,1.0,1,0.7142857140000001,0.666666667,1,1,17.33333333,1,0.6667,0
3,1,0,7,15,3,1,6,1,2.0,112,0.0,0,0.0,0.444444444,0,0,36.33333333,1,0.6667,1
6,3,0,3,24,11,0,3,4,0.8,151,1.0,0,0.880952381,0.5,2,2,23.83333333,1,0.8333,0
13,1,4,11,18,0,5,10,9,0.583333333,78,1.0,1,0.0,0.161538462,0,0,4.846153846,1,0.9231,1
5,1,0,58,10,8,58,0,3,0.3125,69,0.75,1,0.0,0.583333333,0,0,12.0,3,0.6,0
8,3,0,8,28,0,0,8,6,0.6785714290000001,128,1.0,1,0.8409090909999999,0.5,2,4,14.5,3,1.375,1
7,2,1,7,15,1,6,1,4,0.583333333,92,1.0,1,0.454545455,0.46428571399999996,1,1,11.57142857,1,0.8571,0
2,2,0,9,19,1,1,8,2,2.0,120,0.0,0,0.958333333,1.0,1,1,59.0,1,0.5,0
7,1,0,2,8,0,2,0,7,0.0,147,1.0,0,0.0,0.342857143,1,1,19.85714286,4,1.0,0
4,1,0,6,4,6,3,4,4,2.0,4,0.0,0,0.0,0.625,0,0,0.0,1,1.0,1
2,1,0,0,6,1,0,0,2,2.0,63,0.0,0,0.0,0.666666667,0,0,30.5,11,5.5,0
10,4,0,14,35,11,1,13,8,0.7111111109999999,216,1.0,1,0.896551724,0.32,1,1,20.1,10,2.1,1
6,3,0,5,21,1,0,5,6,0.7,136,1.0,0,0.880952381,0.41666666700000005,2,2,21.0,1,0.8333,0
0,1,0,0,0,0,0,0,0,2.0,0,0.0,0,0.0,0.0,0,0,0.0,0,0.0,0
5,1,0,1,18,0,1,0,3,0.5,96,1.0,0,0.0,0.533333333,0,0,17.8,2,1.0,0
50,4,1,24,82,1091,11,14,47,0.959183673,646,1.0,4,0.614173228,0.214285714,3,3,11.5,7,1.3,1
5,4,0,10,42,10,0,10,1,2.0,481,0.0,0,0.9523809520000001,0.6,4,6,95.2,15,5.2,1
3,1,0,2,3,3,2,0,3,1.5,4,0.0,0,0.0,0.666666667,0,0,0.0,1,1.0,0
6,2,0,3,11,13,2,1,6,0.8,68,1.0,0,0.924242424,0.444444444,1,5,10.16666667,3,1.5,0
3,1,0,12,20,3,1,11,1,2.0,165,0.0,0,0.0,0.444444444,0,0,54.0,1,0.6667,1
4,3,0,4,12,0,0,4,4,0.5,54,1.0,0,0.914285714,0.75,0,0,12.0,1,0.75,1
21,1,0,2,35,38,2,0,17,0.6318181820000001,617,0.818181818,0,0.0,0.293650794,0,0,27.85714286,3,0.8571,0
10,2,7,14,24,19,10,4,5,0.666666667,146,1.0,1,0.5,0.26666666699999997,0,0,13.3,3,1.2,0
6,4,0,9,48,5,0,9,5,0.666666667,300,1.0,0,0.939759036,0.45833333299999995,4,5,48.5,10,2.3333,1
39,2,0,15,103,609,10,6,24,0.8863636359999999,1377,0.636363636,1,0.5,0.184210526,1,5,33.74358974,12,1.8462,0
4,3,0,3,17,4,0,3,3,0.666666667,152,1.0,0,0.925,0.75,1,1,36.75,1,0.75,0
5,1,0,1,24,0,0,1,4,0.5625,147,1.0,0,0.0,0.6,0,0,27.6,1,0.8,0
10,1,0,9,30,17,6,3,8,0.7333333329999999,149,1.0,0,0.0,0.25,0,0,13.4,1,0.9,0
8,3,0,5,29,0,1,4,6,0.428571429,177,1.0,0,0.833333333,0.3125,1,1,20.875,5,2.0,0
26,3,0,12,74,265,2,10,20,0.885,643,1.0,2,0.596774194,0.23076923100000002,0,0,23.42307692,4,1.4615,1
10,3,0,6,41,21,1,6,7,0.793650794,360,1.0,0,0.804347826,0.45,0,0,34.3,2,1.1,0
5,1,0,1,36,4,1,0,4,0.583333333,375,1.0,0,0.0,0.5,0,0,73.4,10,3.6,0
3,1,0,3,9,3,1,2,2,2.0,48,0.0,0,0.0,0.666666667,0,0,15.0,1,0.6667,0
3,1,0,3,14,1,1,2,3,0.5,97,1.0,0,0.0,0.666666667,0,0,31.0,1,0.6667,1
3,3,0,6,17,0,1,6,3,0.0,91,1.0,0,0.9487179490000001,1.0,0,0,29.0,1,0.6667,0
0,1,0,1,0,0,1,0,0,2.0,24,0.0,0,0.0,0.0,0,0,0.0,0,0.0,0
8,3,0,5,41,10,0,5,8,0.80952381,236,1.0,0,0.8409090909999999,0.875,1,1,27.75,14,2.625,1
5,3,0,7,19,4,4,4,4,0.75,151,0.0,0,0.9024390240000001,0.4,1,1,28.8,1,0.8,0
17,1,3,15,66,90,4,12,6,0.791666667,630,1.0,2,0.0,0.197916667,0,0,35.88235294,14,2.4118,0
23,1,0,31,82,201,22,27,17,0.8939393940000001,1093,0.444444444,0,0.0,0.318181818,0,0,45.73913043,24,2.3043,0
11,1,8,22,86,15,8,14,4,0.728571429,887,1.0,7,0.0,0.26666666699999997,0,0,77.72727273,22,4.6364,1
4,2,0,3,16,0,0,3,4,0.333333333,59,1.0,0,0.842105263,0.875,1,1,13.5,5,1.75,0
9,6,0,9,34,28,0,9,6,0.8125,166,1.0,0,0.950617284,0.4,4,9,17.22222222,2,1.0,1
8,4,0,7,37,4,0,7,7,0.7142857140000001,277,1.0,0,0.9176470590000001,0.46875,4,4,32.875,5,1.375,0
4,3,0,8,39,0,0,8,4,0.333333333,200,1.0,0,0.925,0.5,1,1,48.5,1,0.75,0
15,3,0,16,77,69,0,16,10,0.826530612,504,1.0,0,0.725490196,0.233333333,1,1,32.13333333,6,1.4,0
15,3,0,3,37,41,1,2,14,0.6964285709999999,437,0.75,1,0.454545455,0.311111111,1,2,27.33333333,1,0.8,0
1,1,0,5,1,0,4,1,1,2.0,1,0.0,0,0.0,1.0,0,0,0.0,1,1.0,0
18,3,0,10,56,119,0,10,15,0.882352941,460,1.0,0,0.685185185,0.37777777799999995,0,0,23.83333333,13,2.0,0
2,3,0,3,7,1,1,3,2,2.0,23,0.0,0,0.96969697,1.0,0,0,10.5,1,0.5,0
4,1,0,5,4,6,4,1,4,2.0,4,0.0,0,0.0,0.5,0,0,0.0,1,1.0,0
16,4,2,19,56,48,2,17,10,0.745454545,757,1.0,4,0.836956522,0.19375,3,7,45.625,14,2.5,0
7,3,0,7,21,0,0,7,7,0.625,144,1.0,0,0.860465116,0.342857143,1,1,19.0,5,1.4286,0
5,1,0,11,5,10,11,0,5,2.0,5,0.0,0,0.0,0.533333333,0,0,0.0,1,1.0,0
3,3,0,6,21,0,1,6,3,0.0,146,1.0,0,0.9487179490000001,0.666666667,0,0,47.33333333,1,0.6667,0
1,1,0,9,1,0,8,1,1,2.0,1,0.0,0,0.0,1.0,0,0,0.0,1,1.0,0
7,5,0,5,17,0,1,4,5,0.7777777779999999,107,1.0,0,0.848484848,0.47619047600000003,2,5,13.85714286,5,1.2857,0
3,1,1,7,9,0,5,2,3,0.0,47,1.0,0,0.0,0.666666667,0,0,14.33333333,1,0.6667,0
6,4,0,10,33,0,0,10,6,0.6,511,1.0,0,0.939759036,0.5555555560000001,1,1,83.5,1,0.8333,0
10,4,0,16,36,3,4,12,10,0.583333333,246,1.0,2,0.795454545,0.26666666699999997,1,3,23.2,7,2.3,0
20,3,0,14,67,130,1,13,16,0.8468899520000001,812,1.0,4,0.660714286,0.25,1,1,39.05,25,3.05,0
1,1,0,15,1,0,14,1,1,2.0,1,0.0,0,0.0,1.0,0,0,0.0,1,1.0,0
28,3,0,44,96,286,32,13,22,0.592592593,1047,0.5,1,0.545454545,0.126984127,2,5,36.32142857,15,2.5357,0
8,5,0,6,26,0,1,5,5,0.571428571,164,1.0,0,0.8235294120000001,0.375,2,5,19.125,4,1.125,0
4,3,0,6,16,0,0,6,4,0.333333333,46,1.0,0,0.925,0.625,1,1,10.25,1,0.75,0
6,1,0,1,8,0,0,1,6,0.0,43,1.0,1,0.0,0.666666667,0,0,6.0,1,0.8333,0
3,2,0,9,26,3,1,8,2,2.0,147,0.0,0,0.92,1.0,1,1,48.0,10,3.6667,0
8,5,0,9,23,0,4,5,8,0.761904762,198,0.5,0,0.8444444440000001,0.35,1,4,23.0,6,2.25,0
4,2,0,4,15,0,1,3,4,0.333333333,109,1.0,0,0.75,0.5,0,0,25.75,1,0.75,1
3,4,0,4,20,3,0,4,1,1.5,124,1.0,0,0.9607843140000001,1.0,2,3,40.0,8,3.0,0
18,4,0,12,82,83,1,12,11,0.9601518029999999,1238,1.0,1,0.821052632,0.181818182,2,2,66.05555556,8,1.8333,1
3,1,0,3,3,3,2,1,3,2.0,3,0.0,0,0.0,0.666666667,0,0,0.0,1,1.0,0
2,3,0,0,3,1,0,0,2,2.0,7,0.0,0,0.9090909090000001,0.75,1,1,2.5,1,0.5,0
3,1,0,3,17,0,2,1,3,0.25,196,1.0,0,0.0,0.666666667,0,0,63.0,2,1.0,0
15,3,2,10,47,73,2,8,12,0.865079365,452,1.0,1,0.725490196,0.225,1,1,28.53333333,12,1.8,0
1,1,0,8,1,0,6,2,1,2.0,1,0.0,0,0.0,1.0,0,0,0.0,1,1.0,0
3,4,0,5,24,3,0,5,1,1.5,163,1.0,0,0.9607843140000001,1.0,2,3,53.0,11,4.0,0
13,1,1,15,66,78,10,7,12,1.083333333,476,0.0,0,0.0,0.20769230800000002,0,0,35.46153846,2,1.0,0
4,1,0,6,21,6,2,4,2,2.0,91,0.0,0,0.0,0.75,0,0,21.75,4,1.5,0
27,1,0,10,60,145,1,9,26,0.648351648,401,1.0,4,0.0,0.314814815,0,0,13.59259259,6,1.5185,0
7,5,0,5,19,1,1,4,5,0.523809524,285,1.0,0,0.848484848,0.47619047600000003,2,5,38.71428571,4,1.1429,0
1,1,0,2,1,0,1,1,1,2.0,1,0.0,0,0.0,1.0,0,0,0.0,1,1.0,0
5,2,0,5,37,4,0,5,2,0.5,250,1.0,0,0.8,0.5,1,3,48.8,11,2.8,0
12,3,0,11,64,0,0,11,9,0.6181818179999999,581,1.0,0,0.770833333,0.23809523800000001,0,0,47.0,20,3.4167,0
11,2,0,12,15,13,9,4,11,0.75,97,1.0,3,0.2,0.22077922100000003,0,0,7.272727272999999,1,0.7273,0
21,5,2,15,83,142,2,13,8,0.78,799,1.0,5,0.8620689659999999,0.18650793699999998,3,7,36.57142857,9,1.5238,0
21,4,0,11,56,24,0,11,19,0.7875,715,1.0,0,0.7959183670000001,0.28571428600000004,3,4,32.66666667,16,2.1905,0
3,4,0,8,22,0,0,8,2,0.0,104,1.0,1,0.962264151,0.5,2,2,33.33333333,5,2.0,0
6,3,0,9,32,0,0,9,6,0.6,216,1.0,2,0.880952381,0.333333333,2,2,34.5,1,0.8333,0
20,1,0,4,42,130,0,4,18,0.736842105,376,1.0,1,0.0,0.284210526,0,0,17.45,3,1.15,0
4,3,0,4,15,0,0,4,4,0.833333333,70,0.5,0,0.9090909090000001,0.583333333,0,0,16.0,3,1.5,0
8,5,0,6,26,0,1,5,5,0.571428571,167,1.0,0,0.8235294120000001,0.375,2,5,19.5,4,1.125,0
36,3,11,35,84,0,11,24,35,0.485714286,302,1.0,1,0.513888889,0.0875,2,2,7.333333333,6,1.1944,0
27,3,1,18,87,217,1,17,20,0.8704453440000001,919,1.0,2,0.587301587,0.212962963,2,2,32.33333333,13,1.7037,0
5,1,0,1,6,0,1,0,5,0.5,30,1.0,0,0.0,0.7,0,0,4.6,1,0.8,0
2,6,0,4,4,1,0,4,1,2.0,11,0.0,0,0.987179487,0.666666667,0,0,4.5,1,0.5,0
3,1,0,0,7,0,0,0,3,0.0,19,1.0,0,0.0,0.666666667,0,0,5.0,1,0.6667,0
10,3,0,2,20,21,0,2,9,0.6,130,1.0,0,0.804347826,0.4,1,1,11.5,1,0.9,0
4,1,0,3,23,4,1,2,1,0.333333333,174,1.0,0,0.0,0.583333333,0,0,42.0,3,1.25,0
3,2,0,5,12,3,1,4,1,2.0,40,0.0,0,0.857142857,0.666666667,0,0,12.33333333,1,0.6667,0
5,1,1,28,11,4,26,2,5,0.25,54,1.0,0,0.0,0.533333333,0,0,9.6,1,0.6,0
17,5,0,15,57,22,0,15,15,0.583333333,298,1.0,1,0.8699186990000001,0.264705882,4,7,16.35294118,4,1.2353,0
6,1,0,14,24,15,14,0,5,1.0,116,0.0,0,0.0,0.3,0,0,18.16666667,2,1.0,0
9,3,0,4,41,14,0,4,8,0.791666667,334,1.0,0,0.8222222220000001,0.355555556,1,1,35.44444444,11,2.0,1
6,3,0,7,24,9,4,4,5,0.8,231,0.5,0,0.880952381,0.26666666699999997,1,1,37.16666667,1,0.8333,1
7,5,0,5,22,0,1,4,5,0.5555555560000001,150,1.0,0,0.848484848,0.47619047600000003,2,5,20.0,4,1.1429,0
2,2,0,7,13,1,1,6,2,2.0,66,1.0,0,0.958333333,1.0,0,0,31.5,1,0.5,0
7,5,0,5,18,0,1,4,5,0.5555555560000001,113,1.0,0,0.848484848,0.47619047600000003,2,4,14.71428571,4,1.1429,0
19,1,8,23,92,81,8,15,4,0.7125603859999999,899,1.0,9,0.0,0.23015873,0,0,45.10526316,30,4.2632,1
4,2,0,4,16,0,0,4,4,0.333333333,59,1.0,0,0.842105263,0.875,1,1,13.5,5,1.75,0
29,1,0,5,66,348,2,3,12,0.810714286,567,0.9,2,0.0,0.317241379,0,0,18.20689655,11,1.3793,0
4,4,9,12,7,4,9,3,3,0.666666667,22,1.0,1,0.9285714290000001,0.5,0,0,4.25,1,0.5,0
1,1,0,2,1,0,2,0,1,2.0,1,0.0,0,0.0,1.0,0,0,0.0,1,1.0,0
16,1,3,13,38,80,6,7,12,0.876190476,334,0.857142857,0,0.0,0.28571428600000004,0,0,19.4375,8,1.6875,0
16,3,0,3,38,84,1,2,16,0.6740740740000001,541,1.0,2,0.580645161,0.25,2,8,32.25,1,0.8125,0
1,1,0,18,1,0,17,1,1,2.0,1,0.0,0,0.0,1.0,0,0,0.0,1,1.0,0
2,4,0,4,4,0,1,3,1,0.0,16,1.0,1,0.9375,0.666666667,1,1,6.5,1,0.5,0
5,1,0,3,9,0,1,2,5,0.666666667,64,1.0,0,0.0,0.533333333,0,0,11.2,1,0.8,0
9,2,0,12,50,24,8,6,2,0.85,288,1.0,1,0.68,0.296296296,1,1,30.44444444,2,1.0,0
7,6,0,9,32,13,0,9,4,0.75,150,1.0,0,0.9625,0.4,4,9,20.14285714,2,1.0,1
2,6,0,4,4,1,0,4,1,2.0,11,0.0,0,0.987179487,0.666666667,0,0,4.5,1,0.5,0
7,5,0,5,18,0,1,4,5,0.708333333,126,1.0,0,0.848484848,0.47619047600000003,2,5,16.42857143,5,1.2857,0
11,1,0,4,34,0,3,1,1,0.7857142859999999,312,1.0,0,0.0,0.85,0,0,26.09090909,3,1.7273,0
6,1,0,7,6,15,6,1,6,1.2,10,0.0,0,0.0,0.7222222220000001,0,0,0.0,1,1.0,0
10,3,4,16,21,23,14,2,5,0.666666667,149,1.0,1,0.692307692,0.228571429,1,2,13.7,1,0.8,0
17,4,0,7,81,40,4,3,10,0.8238636359999999,1178,0.9090909090000001,8,0.516129032,0.25,2,4,67.0,2,1.0,0
10,1,0,3,13,31,1,2,10,0.703703704,76,1.0,1,0.0,0.375,0,0,6.3,2,1.1,0
13,3,0,12,43,36,3,10,7,0.638888889,424,1.0,0,0.7551020409999999,0.320512821,1,6,31.38461538,4,1.8462,0
9,2,0,5,20,0,3,2,9,0.5,141,1.0,0,0.6,0.41666666700000005,0,0,14.22222222,1,0.6667,1
6,3,0,3,30,0,0,3,5,0.6,1262,1.0,0,0.880952381,0.5555555560000001,1,1,208.66666669999998,2,1.0,0
5,1,10,98,7,0,98,1,5,0.0,33,1.0,1,0.0,0.45,0,0,5.4,2,1.0,0
2,4,0,4,12,1,0,4,1,2.0,55,0.0,0,0.980392157,1.0,1,2,26.5,4,2.0,0
18,2,5,18,23,0,5,16,16,0.0,110,1.0,0,0.346153846,0.11458333300000001,0,0,5.055555556,1,0.9444,0
12,5,0,6,37,0,1,5,7,0.696969697,308,1.0,0,0.736842105,0.3,2,5,24.16666667,7,1.3333,0
5,1,0,4,20,0,0,4,4,0.333333333,144,1.0,1,0.0,0.9,0,0,27.2,5,2.2,0
23,3,1,14,73,151,1,13,23,0.921717172,668,0.7777777779999999,2,0.627118644,0.20772946899999997,3,3,27.26086957,26,2.3913,1
3,2,0,6,38,3,1,5,1,2.0,198,0.0,0,0.9,0.5555555560000001,1,1,65.0,6,2.3333,0
14,4,0,193,26,0,192,1,14,0.384615385,153,1.0,1,0.65,0.333333333,1,2,9.785714286000001,2,0.6429,0
5,2,0,11,24,10,1,10,4,1.0,133,0.0,0,0.764705882,0.5,0,0,25.4,1,0.8,0
33,2,0,6,43,322,3,4,6,0.859375,4244,0.761904762,1,0.13888888900000002,0.257575758,1,1,126.33333329999999,32,5.6061,0
7,1,0,1,20,19,1,0,4,1.037037037,197,0.666666667,0,0.0,0.26666666699999997,0,0,25.85714286,4,1.1429,0
2,3,0,3,8,1,1,3,2,2.0,33,0.0,0,0.96969697,1.0,0,0,15.5,1,0.5,0
19,1,0,19,19,171,3,16,19,2.0,19,0.0,0,0.0,0.10835913300000001,0,0,0.0,1,1.0,0
8,3,0,4,17,18,0,4,6,0.7142857140000001,112,1.0,0,0.8409090909999999,0.75,0,0,12.625,4,1.75,0
6,3,0,5,22,1,0,5,6,0.7,137,1.0,0,0.880952381,0.41666666700000005,3,3,21.16666667,1,0.8333,0
91,1,0,157,212,3687,148,17,77,0.97047619,2452,0.6,4,0.0,0.105494505,0,0,25.56043956,6,1.4945,0
16,1,0,6,36,58,1,5,13,0.6333333329999999,363,1.0,0,0.0,0.2421875,0,0,21.3125,5,1.75,0
72,4,0,27,116,2338,11,18,65,0.96400626,900,1.0,6,0.523489933,0.206349206,1,1,11.125,8,1.4722,0
11,4,0,17,83,11,0,17,9,0.916666667,671,0.25,2,0.8863636359999999,0.25,2,2,58.90909091,2,1.0,1
3,1,0,1,3,3,1,0,3,1.5,4,0.0,0,0.0,0.666666667,0,0,0.0,1,1.0,0
7,1,0,3,11,3,3,0,7,0.583333333,53,1.0,0,0.0,0.7142857140000001,0,0,6.285714286,2,0.8571,0
1,1,0,3,1,0,3,1,1,2.0,1,0.0,0,0.0,1.0,0,0,0.0,1,1.0,0
3,2,0,8,22,3,1,7,2,1.0,152,0.0,0,0.8666666670000001,0.5,0,0,48.66666667,1,0.6667,0
6,2,0,3,11,13,2,1,6,0.8,68,1.0,0,0.924242424,0.444444444,1,5,10.16666667,3,1.5,0
7,5,0,8,26,0,4,4,7,0.666666667,261,0.0,0,0.8636363640000001,0.342857143,2,5,35.71428571,8,3.0,0
21,3,0,12,62,134,7,6,15,0.6,630,1.0,0,0.6,0.27210884399999996,1,1,28.80952381,9,3.0,0
4,1,0,13,23,6,1,12,1,2.0,195,0.0,0,0.0,0.333333333,0,0,47.75,1,0.75,0
31,3,0,20,103,209,0,20,25,0.82,673,1.0,2,0.552238806,0.161290323,1,3,20.38709677,2,1.0323,1
3,1,0,11,24,1,7,4,3,0.0,264,1.0,2,0.0,0.666666667,0,0,86.33333333,13,5.0,0
8,1,26,46,14,20,45,1,7,0.7142857140000001,87,1.0,0,0.0,0.6875,0,0,9.625,5,1.5,0
4,3,0,5,9,2,0,5,4,0.666666667,48,1.0,0,0.925,0.5,0,0,10.5,1,0.75,0
8,1,0,4,39,22,1,3,6,0.7857142859999999,377,0.5,0,0.0,0.166666667,0,0,45.875,3,1.25,0
23,4,4,19,40,223,6,19,23,0.045454545,179,1.0,0,0.614035088,0.09382151,0,0,6.739130435,4,1.2609,0
42,2,0,20,115,703,14,8,25,0.8818998720000001,1369,0.684210526,1,0.478873239,0.176829268,1,5,31.14285714,12,1.9286,0
8,3,0,10,37,0,0,10,6,0.628571429,315,1.0,1,0.8409090909999999,0.325,0,0,37.75,1,0.875,0
4,3,0,3,17,4,0,3,3,0.666666667,152,1.0,0,0.925,0.75,1,1,36.75,1,0.75,0
8,5,0,10,28,0,4,6,8,0.6938775509999999,365,0.571428571,0,0.8444444440000001,0.25,1,4,43.75,19,5.375,0
11,1,0,12,32,27,9,4,9,0.683333333,190,1.0,0,0.0,0.232323232,0,0,15.72727273,1,0.9091,0
10,3,0,7,61,37,0,7,3,0.9,758,0.6,0,0.804347826,0.28571428600000004,0,0,73.8,7,2.1,0
6,1,0,3,14,5,2,1,4,0.8,131,0.5,0,0.0,0.2,0,0,20.16666667,3,1.3333,0
10,3,0,6,42,21,1,6,7,0.793650794,369,1.0,0,0.804347826,0.45,0,0,35.2,2,1.1,0
10,3,2,7,24,29,2,5,6,0.5555555560000001,162,1.0,0,0.804347826,0.5,0,0,15.0,4,1.2,0
19,3,0,11,61,121,7,5,15,0.75,503,0.5,0,0.638297872,0.294736842,2,2,25.15789474,5,2.0,0
3,4,0,7,8,3,3,4,2,2.0,27,0.0,0,0.9886363640000001,0.666666667,3,4,8.0,2,0.6667,0
34,4,1,25,138,421,3,22,17,0.8636363640000001,1740,1.0,0,0.709090909,0.142045455,4,4,49.64705882,4,1.1471,2
10,3,0,9,31,15,2,7,10,0.666666667,166,1.0,1,0.7692307690000001,0.3,1,1,15.3,3,1.4,0
4,3,0,6,22,0,1,6,4,0.166666667,142,1.0,0,0.925,0.625,0,0,34.0,2,1.0,0
0,1,0,1,0,0,1,0,0,2.0,24,0.0,0,0.0,0.0,0,0,0.0,0,0.0,0
0,1,0,1,0,0,1,0,0,2.0,7,0.0,0,0.0,0.0,0,0,0.0,0,0.0,0
5,4,0,3,20,4,1,2,4,0.833333333,168,0.666666667,0,0.896551724,0.46666666700000003,2,4,32.0,1,0.6,0
27,3,1,19,80,249,4,15,18,0.8692307690000001,607,1.0,2,0.587301587,0.166666667,0,0,20.92592593,3,1.1481,1
1,3,0,5,2,0,5,0,1,2.0,5,0.0,0,1.0,1.0,0,0,4.0,0,0.0,0
6,1,0,3,11,1,1,2,6,0.7,74,1.0,0,0.0,0.5555555560000001,0,0,10.66666667,1,0.8333,0
7,3,0,6,17,1,0,6,7,0.7,138,1.0,0,0.842105263,0.428571429,0,0,18.0,1,0.8571,0
5,4,0,1,9,10,1,0,3,0.75,81,0.0,0,0.924528302,0.44,2,2,15.0,5,2.0,0
26,4,0,18,89,219,1,18,18,0.896842105,881,1.0,4,0.757281553,0.22115384600000002,3,4,32.15384615,3,1.1538,1
17,1,0,7,71,14,2,5,16,0.8660714290000001,569,0.28571428600000004,1,0.0,0.163398693,1,1,31.64705882,8,1.5294,0
7,4,0,13,25,0,4,9,7,0.45833333299999995,201,1.0,2,0.853658537,0.39285714299999996,1,3,27.14285714,4,2.1429,0
8,1,0,2,21,26,1,1,5,0.7142857140000001,89,1.0,0,0.0,0.14285714300000002,0,0,10.0,2,0.875,0
32,1,0,6,69,264,4,2,31,0.7333333329999999,771,1.0,0,0.0,0.180555556,1,1,22.625,4,1.1563,0
11,5,0,13,30,5,4,9,9,0.65,168,1.0,0,0.91,0.327272727,2,10,13.90909091,3,1.2727,1
12,1,0,3,47,60,1,3,5,0.818181818,466,0.0,0,0.0,0.15,0,0,37.58333333,4,1.8333,0
19,3,0,16,117,35,1,15,11,0.8232323229999999,849,0.9090909090000001,1,0.672727273,0.30526315800000003,2,3,43.10526316,12,2.2105,1
12,1,0,3,22,44,1,2,5,0.805194805,156,1.0,1,0.0,0.261904762,0,0,11.41666667,4,1.25,0
2,2,0,6,9,1,1,5,2,2.0,33,0.0,0,0.958333333,1.0,0,0,15.5,1,0.5,0
6,3,0,6,16,5,0,6,5,0.7333333329999999,95,1.0,0,0.880952381,0.5,0,0,14.33333333,1,0.8333,0
3,2,0,4,7,0,1,3,3,0.0,29,1.0,0,0.818181818,0.666666667,0,0,8.333333332999999,1,0.6667,0
9,3,0,9,34,10,0,9,7,0.729166667,214,1.0,0,0.8409090909999999,0.3125,1,1,22.11111111,6,1.4444,0
7,1,0,2,8,0,2,0,1,0.5,1082,0.0,0,0.0,0.666666667,0,0,153.28571430000002,2,0.8571,0
18,4,0,13,90,87,1,13,14,0.8492647059999999,778,1.0,0,0.7820512820000001,0.18888888899999998,4,4,41.33333333,1,0.9444,1
8,1,0,8,22,0,5,3,7,0.542857143,141,1.0,1,0.0,0.34375,0,0,16.0,5,1.625,0
3,2,0,5,7,1,1,4,3,0.5,29,1.0,0,0.818181818,0.666666667,0,0,8.333333332999999,1,0.6667,0
28,1,0,31,57,266,29,4,24,0.641975309,602,1.0,0,0.0,0.19753086399999997,0,0,20.39285714,16,2.25,0
3,6,0,6,11,3,4,3,3,2.0,37,0.0,0,0.96969697,1.0,2,3,11.33333333,2,1.3333,0
21,3,0,10,82,184,1,9,10,0.683333333,719,1.0,2,0.6,0.226190476,1,3,33.095238099999996,4,1.9048,1
8,5,0,9,29,0,1,8,5,0.571428571,179,1.0,0,0.8235294120000001,0.375,2,5,21.0,4,1.125,0
2,2,0,9,9,1,5,4,2,2.0,31,0.0,0,0.923076923,0.666666667,0,0,14.5,1,0.5,0
8,1,0,1,14,28,1,0,8,2.0,274,0.0,0,0.0,0.45,0,0,33.25,7,2.75,0
19,1,0,12,103,133,1,12,3,0.81372549,1720,0.882352941,0,0.0,0.141414141,0,0,88.63157895,11,2.5263,1
1,1,0,5,1,0,3,2,1,2.0,3,0.0,0,0.0,1.0,0,0,0.0,1,1.0,0
8,1,0,3,18,10,2,1,8,0.535714286,108,1.0,0,0.0,0.541666667,0,0,12.0,3,1.25,0
3,3,0,3,14,1,0,3,3,0.5,82,1.0,0,0.9487179490000001,0.666666667,1,1,26.0,1,0.6667,0
9,6,0,10,24,36,4,7,8,2.0,104,0.0,0,0.8888888890000001,0.40740740700000005,3,8,10.55555556,2,1.6667,0
3,1,0,19,3,3,19,0,3,2.0,3,0.0,0,0.0,1.0,0,0,0.0,1,1.0,0
10,3,0,11,36,0,0,11,10,0.694444444,236,1.0,1,0.804347826,0.45,1,1,22.2,2,1.4,0
5,3,0,5,13,4,0,5,5,0.75,71,1.0,0,0.9024390240000001,0.533333333,0,0,12.6,1,0.8,0
4,1,0,1,10,2,1,0,4,0.8666666670000001,93,1.0,0,0.0,0.5,0,0,21.0,5,1.75,0
6,3,0,8,21,1,1,7,5,0.8,95,0.666666667,2,0.882352941,0.6,0,0,14.33333333,3,1.3333,0
81,3,0,35,213,2518,7,35,74,0.94,2199,0.966666667,10,0.318965517,0.1375,3,3,25.77777778,13,1.6543,2
1,4,0,2,2,0,1,1,1,2.0,4,0.0,0,1.0,1.0,0,0,3.0,0,0.0,0
6,1,0,5,6,15,4,1,6,2.0,6,0.0,0,0.0,0.444444444,0,0,0.0,1,1.0,0
3,3,2,6,6,1,5,1,3,0.5,25,1.0,0,0.882352941,0.833333333,1,1,7.0,3,1.3333,0
3,5,1,6,14,3,5,2,3,2.0,52,0.0,0,0.96875,0.5555555560000001,1,1,16.33333333,3,1.6667,0
5,3,0,4,17,0,0,4,5,0.666666667,99,1.0,0,0.9024390240000001,0.533333333,1,1,18.2,1,0.8,0
8,3,0,2,39,10,0,2,8,0.7142857140000001,282,1.0,0,0.8409090909999999,0.325,1,1,33.75,4,1.25,0
4,1,0,4,13,0,1,3,4,0.666666667,60,1.0,1,0.0,0.75,0,0,13.25,1,0.75,0
4,4,0,4,13,0,1,3,4,0.0,87,1.0,0,0.9285714290000001,0.75,2,4,20.5,1,0.5,0
34,1,1,33,67,437,27,6,21,0.752525253,1171,1.0,2,0.0,0.257575758,0,0,32.91176471,23,2.5,0
5,2,0,1,20,0,1,0,4,0.75,106,0.333333333,0,0.9215686270000001,0.46666666700000003,0,0,19.6,2,1.0,1
7,4,0,13,25,0,4,9,7,0.45833333299999995,199,1.0,2,0.853658537,0.39285714299999996,1,3,26.85714286,5,2.5714,0
5,1,0,6,13,0,5,1,5,0.0,69,1.0,0,0.0,0.533333333,0,0,12.6,3,1.2,0
14,3,0,8,33,65,0,8,14,0.91025641,404,1.0,1,0.74,0.595238095,1,2,27.0,2,1.0,0
3,1,0,3,19,0,0,3,2,0.75,104,0.5,0,0.0,0.666666667,0,0,33.0,1,0.6667,0
3,5,0,5,14,3,4,2,3,2.0,52,0.0,0,0.96875,0.5555555560000001,1,1,16.33333333,3,1.6667,0
9,1,0,14,38,12,3,12,8,0.857142857,310,0.14285714300000002,1,0.0,0.25925925899999996,0,0,32.66666667,1,0.8889,0
13,1,2,9,20,46,7,2,8,0.666666667,111,1.0,0,0.0,0.615384615,0,0,7.230769231,1,0.7692,1
15,4,0,11,72,39,1,10,12,0.7142857140000001,683,1.0,0,0.8478260870000001,0.27777777800000003,0,0,43.73333333,1,0.9333,0
22,1,0,19,49,125,16,5,18,0.80952381,382,1.0,1,0.0,0.30909090899999997,0,0,16.04545455,8,1.7273,0
16,3,0,22,29,0,4,18,16,0.0,135,1.0,0,0.666666667,0.125,1,1,7.375,1,0.9375,0
4,1,0,4,5,6,3,1,4,2.0,16,0.0,0,0.0,0.875,0,0,3.0,1,0.75,0
11,5,0,11,38,1,4,7,11,0.84,391,0.5,0,0.791666667,0.21590909100000003,1,4,33.63636364,8,2.7273,0
10,1,0,10,47,11,1,9,10,0.75,329,1.0,3,0.0,0.2125,0,0,31.1,6,1.5,1
6,2,0,1,15,0,1,0,6,0.0,45,1.0,0,0.642857143,0.444444444,1,1,6.333333333,1,0.8333,0
23,2,52,117,37,179,114,7,17,0.818181818,255,1.0,4,0.290322581,0.246376812,1,3,9.739130435,4,1.1739,0
2,2,0,9,26,1,1,8,2,2.0,248,0.0,0,0.958333333,1.0,1,1,123.0,1,0.5,0
6,3,0,5,34,0,0,5,3,0.8666666670000001,237,1.0,0,0.880952381,0.444444444,0,0,38.0,1,0.8333,0
4,2,0,10,26,6,1,9,2,1.0,195,0.0,0,0.884615385,0.5,0,0,47.5,10,3.0,0
3,2,0,1,18,0,0,1,1,1.242424242,274,1.0,0,0.8888888890000001,0.5,1,3,79.33333333,12,5.6667,0
2,2,0,1,6,1,0,1,1,2.0,20,0.0,0,0.875,0.75,1,1,9.0,1,0.5,0
7,5,0,9,28,0,4,5,7,0.708333333,215,0.5,0,0.8636363640000001,0.342857143,1,4,29.14285714,9,2.8571,0
16,1,3,15,56,86,4,12,6,0.8,375,1.0,2,0.0,0.226666667,0,0,22.25,14,2.0625,0
7,1,0,20,8,3,20,0,7,0.666666667,43,1.0,0,0.0,0.7142857140000001,0,0,4.714285714,1,0.8571,0
24,1,0,25,78,218,16,21,17,0.9147826090000001,1203,0.36,0,0.0,0.322981366,0,0,48.08333333,17,1.9167,0
3,2,0,8,20,3,1,7,2,1.0,151,0.0,0,0.92,0.5,0,0,48.33333333,1,0.6667,0
3,4,2,30,8,3,26,4,2,2.0,27,0.0,0,0.9886363640000001,0.666666667,3,4,8.0,2,0.6667,0
3,2,0,3,8,0,2,1,3,0.0,32,1.0,0,0.75,0.5555555560000001,0,0,9.333333332999999,1,0.6667,0
3,2,0,4,7,0,1,3,3,0.0,33,1.0,0,0.818181818,0.666666667,0,0,9.666666667000001,1,0.6667,0
4,5,0,5,15,0,4,2,4,0.333333333,83,1.0,0,0.9538461540000001,0.4375,1,1,19.5,5,2.0,0
8,2,0,4,25,14,1,3,4,0.571428571,163,1.0,1,0.41666666700000005,0.3,1,1,18.875,2,1.0,0
4,2,0,6,12,6,1,5,3,2.0,71,0.0,0,0.625,0.5,0,0,16.75,1,0.75,0
7,1,0,6,8,0,6,0,7,0.0,89,1.0,0,0.0,0.428571429,1,1,11.57142857,4,1.0,0
7,1,0,9,7,21,8,1,7,2.0,7,0.0,0,0.0,1.0,0,0,0.0,1,1.0,0
8,3,2,5,21,18,2,3,4,0.7142857140000001,145,1.0,0,0.8409090909999999,0.4375,1,1,16.875,1,0.875,0
11,3,0,14,40,17,5,9,10,0.7,286,1.0,2,0.75,0.287878788,1,1,24.54545455,3,1.9091,0
4,4,5,9,5,0,5,4,3,0.333333333,18,1.0,1,0.921052632,0.4375,0,0,3.25,1,0.75,0
6,1,0,2,11,3,1,1,3,0.6,54,1.0,0,0.0,0.666666667,0,0,7.666666667,1,0.8333,0
2,4,0,5,14,1,0,5,1,2.0,66,0.0,0,0.980392157,1.0,1,2,32.0,4,2.0,0
3,1,0,3,12,3,3,0,3,2.0,90,0.0,0,0.0,0.333333333,1,1,29.0,8,5.0,0
3,1,0,0,4,3,0,0,3,2.0,20,0.0,0,0.0,0.5,0,0,5.666666667,2,1.0,0
32,2,0,4,40,330,2,2,2,0.781056966,2014,0.787234043,1,0.225,0.20625,1,1,60.46875,26,4.0938,0
29,1,0,28,120,396,25,6,25,0.9285714290000001,1348,0.8,0,0.0,0.278571429,0,0,45.31034483,29,2.6207,1
48,4,0,25,108,964,7,20,44,0.946301925,816,0.9523809520000001,4,0.624,0.15416666699999998,3,3,15.5625,7,1.375,0
3,2,0,1,10,0,0,1,1,0.0,67,1.0,1,0.7142857140000001,0.666666667,1,1,20.33333333,1,0.6667,0
40,3,1,17,99,664,2,15,31,0.918192918,855,0.9523809520000001,2,0.486842105,0.194444444,0,0,19.85,8,1.6,1
1,4,0,1,3,0,1,0,1,2.0,6,0.0,0,1.0,1.0,0,0,5.0,0,0.0,0
3,1,0,7,14,3,1,6,1,2.0,88,0.0,0,0.0,0.444444444,0,0,28.33333333,1,0.6667,0
5,1,0,2,7,4,2,0,0,0.5,39,1.0,0,0.0,0.7,0,0,6.2,1,0.6,0
15,1,0,12,69,39,0,12,12,0.932539683,614,1.0,1,0.0,0.342857143,0,0,38.73333333,10,2.7333,1
2,3,0,3,8,1,0,3,2,2.0,28,0.0,0,0.967741935,0.75,0,0,13.0,2,1.0,0
5,1,0,69,10,8,69,0,3,0.3125,69,0.75,1,0.0,0.583333333,0,0,12.0,3,0.6,0
2,2,0,6,14,1,1,5,2,2.0,44,0.0,0,0.958333333,1.0,0,0,21.0,1,0.5,0
4,1,0,2,7,6,1,1,4,2.0,20,0.0,0,0.0,0.875,0,0,4.0,1,0.75,0
1,5,0,1,2,0,0,1,1,2.0,4,0.0,0,1.0,1.0,0,0,3.0,0,0.0,0
5,1,1,3,15,0,2,1,4,0.5,137,1.0,0,0.0,0.9,0,0,25.2,4,1.8,0
4,1,0,4,5,0,3,1,4,0.333333333,24,1.0,0,0.0,0.875,0,0,4.75,1,0.75,0
24,1,0,31,85,218,12,20,18,0.7768115940000001,708,0.933333333,6,0.0,0.138339921,0,0,27.875,7,1.75,1
41,3,2,52,102,560,26,26,38,0.796428571,698,1.0,1,0.434782609,0.076352068,1,3,15.85365854,5,1.6585,0
15,1,1,6,29,87,2,4,12,0.9464285709999999,190,1.0,3,0.0,0.223214286,0,0,10.86666667,4,1.0667,0
11,3,0,14,37,19,1,13,9,0.75,317,1.0,1,0.787234043,0.327272727,1,1,27.27272727,21,3.0,0
11,1,0,15,26,31,14,2,7,0.892307692,361,0.615384615,1,0.0,0.3,0,0,30.63636364,5,2.1818,0
4,4,0,3,7,0,1,2,4,0.0,130,1.0,0,0.9285714290000001,0.75,2,4,31.0,1,0.5,0
5,1,0,1,19,0,1,0,3,0.5,108,1.0,0,0.0,0.533333333,0,0,20.2,3,1.4,0
7,3,0,7,36,0,0,7,7,0.666666667,261,1.0,0,0.860465116,0.342857143,2,2,35.57142857,1,0.8571,0
2,5,0,1,7,0,1,0,2,0.0,20,1.0,0,0.9285714290000001,0.75,0,0,8.5,1,0.5,1
5,4,0,11,46,10,0,11,1,2.0,587,0.0,0,0.9523809520000001,0.6,4,6,116.4,18,5.8,0
7,1,0,1,11,7,1,0,7,0.333333333,98,0.0,0,0.0,0.7142857140000001,0,0,12.57142857,7,1.4286,0
3,1,0,5,19,1,0,5,2,0.5,89,1.0,0,0.0,0.5,0,0,28.33333333,1,0.3333,0
6,3,0,5,14,1,0,5,6,0.7,75,1.0,0,0.880952381,0.5555555560000001,0,0,10.83333333,1,0.8333,0
6,3,5,15,8,3,12,3,6,0.4,39,1.0,0,0.857142857,0.5,0,0,5.333333333,3,1.3333,0
3,5,1,6,14,3,5,2,3,2.0,52,0.0,0,0.96875,0.5555555560000001,1,1,16.33333333,3,1.6667,0
21,3,0,8,73,74,0,8,17,0.8863636359999999,669,0.727272727,2,0.649122807,0.23214285699999998,1,1,30.33333333,3,1.0476,2
9,1,0,4,18,14,3,1,4,0.65625,88,1.0,0,0.0,0.518518519,0,0,8.333333332999999,1,0.8889,0
26,3,1,9,54,225,1,8,20,0.872727273,539,1.0,2,0.606557377,0.24,0,0,19.30769231,7,1.1923,0
4,3,0,5,16,0,0,5,4,0.333333333,95,1.0,0,0.914285714,0.75,0,0,22.25,1,0.75,0
21,1,0,2,35,38,2,0,17,0.6318181820000001,617,0.818181818,0,0.0,0.293650794,0,0,27.85714286,3,0.8571,0
1,1,0,2,1,0,2,0,0,2.0,2064,0.0,0,0.0,0.0,0,0,2052.0,0,0.0,0
10,2,13,22,24,19,18,4,5,0.666666667,146,1.0,1,0.5,0.26666666699999997,0,0,13.3,3,1.2,0
9,3,1,11,53,16,1,10,7,0.75,457,1.0,0,0.8222222220000001,0.271604938,2,2,49.22222222,5,1.3333,1
2,1,0,4,2,1,3,2,2,2.0,2,0.0,0,0.0,0.75,0,0,0.0,1,1.0,0
2,1,0,2,2,1,1,1,2,2.0,2,0.0,0,0.0,1.0,0,0,0.0,1,1.0,0
11,1,0,3,26,53,3,0,9,0.9,725,1.0,1,0.0,0.26,0,0,64.81818182,47,8.4545,0
2,1,0,5,30,0,0,5,0,0.0,186,1.0,2,0.0,0.6,0,0,90.5,10,5.0,0
23,2,0,5,68,181,2,3,17,0.806818182,462,0.875,0,0.5476190479999999,0.140909091,0,0,18.73913043,5,1.4783,0
8,3,0,9,31,0,4,5,6,0.428571429,181,1.0,0,0.833333333,0.3125,1,1,21.375,5,2.0,0
30,3,0,12,77,365,2,10,22,0.896551724,717,1.0,3,0.578125,0.204166667,0,0,22.56666667,7,1.4667,0
14,1,0,5,14,91,5,0,14,2.0,14,0.0,0,0.0,0.271428571,0,0,0.0,1,1.0,0
22,4,0,9,92,129,2,9,16,0.84981685,837,1.0,3,0.787878788,0.30909090899999997,2,2,36.45454545,5,1.2273,1
8,1,0,1,40,18,1,0,7,0.666666667,464,1.0,0,0.0,0.346938776,0,0,56.625,11,3.875,0
4,1,1,5,11,6,2,3,3,2.0,62,0.0,0,0.0,0.5,0,0,14.5,1,0.75,0
6,3,0,8,19,0,0,8,6,0.533333333,88,1.0,0,0.880952381,0.833333333,0,0,13.16666667,1,0.8333,1
13,1,0,14,23,68,12,2,12,0.697916667,308,1.0,0,0.0,0.708333333,0,0,22.07692308,36,3.4615,0
2,3,0,3,7,1,1,3,2,2.0,23,0.0,0,0.96969697,1.0,0,0,10.5,1,0.5,0
3,2,0,7,19,3,1,6,2,1.0,93,0.0,0,0.8666666670000001,0.5,0,0,29.66666667,1,0.6667,0
5,1,1,5,7,6,5,0,5,0.75,32,1.0,0,0.0,0.7,0,0,5.0,1,0.8,0
7,1,0,3,22,0,3,1,6,0.5555555560000001,111,1.0,0,0.0,0.47619047600000003,0,0,14.42857143,4,1.4286,0
2,4,0,1,5,1,0,1,2,2.0,10,0.0,0,0.985507246,0.75,1,1,4.0,1,0.5,0
16,3,0,13,48,58,1,13,12,0.786666667,480,1.0,2,0.711538462,0.25,2,2,28.375,4,1.4375,0
10,3,0,9,33,3,0,9,8,0.7222222220000001,145,1.0,1,0.804347826,0.4,2,4,13.1,2,1.3,0
7,2,2,9,15,1,8,1,4,0.583333333,92,1.0,1,0.454545455,0.46428571399999996,1,1,11.57142857,1,0.8571,0
2,2,0,9,20,1,1,8,2,2.0,132,0.0,0,0.958333333,1.0,1,1,65.0,1,0.5,0
0,1,0,4,0,0,2,2,0,2.0,0,0.0,0,0.0,0.0,0,0,0.0,0,0.0,0
7,1,0,2,8,0,2,0,7,0.0,147,1.0,0,0.0,0.342857143,1,1,19.85714286,4,1.0,0
4,1,0,6,4,6,3,4,4,2.0,4,0.0,0,0.0,0.625,0,0,0.0,1,1.0,0
1,1,0,13,1,0,13,0,1,2.0,1,0.0,0,0.0,1.0,0,0,0.0,1,1.0,0
4,2,0,4,12,0,1,3,4,0.333333333,70,1.0,0,0.75,0.5,0,0,16.0,1,0.75,0
3,1,0,3,19,0,0,3,2,0.75,104,0.5,0,0.0,0.666666667,0,0,33.0,1,0.6667,0
3,5,0,6,14,3,5,2,3,2.0,52,0.0,0,0.96875,0.5555555560000001,1,1,16.33333333,3,1.6667,0
10,1,0,15,39,19,4,12,8,0.8888888890000001,344,0.25,1,0.0,0.228571429,0,0,32.6,3,1.1,0
24,3,0,17,118,72,2,15,17,0.851449275,1066,0.916666667,1,0.6166666670000001,0.185185185,3,4,42.91666667,6,1.7083,2
12,1,0,3,22,44,1,2,5,0.805194805,156,1.0,1,0.0,0.261904762,0,0,11.41666667,4,1.25,0
19,3,0,10,61,135,0,10,16,0.8888888890000001,504,1.0,0,0.672727273,0.37894736799999995,1,1,24.78947368,13,1.9474,0
2,3,0,3,7,1,1,3,2,2.0,23,0.0,0,0.96969697,1.0,0,0,10.5,1,0.5,0
3,2,0,4,6,0,1,3,3,0.0,30,1.0,0,0.818181818,0.666666667,0,0,8.666666667000001,2,1.0,0
23,4,2,22,77,149,2,20,16,0.826704545,1164,1.0,4,0.7777777779999999,0.14285714300000002,3,7,48.91304348,19,2.3043,0
12,3,0,11,38,2,2,10,8,0.409090909,224,1.0,0,0.731707317,0.197916667,2,3,17.5,4,1.8333,2
7,1,0,2,8,0,2,0,1,0.5,1082,0.0,0,0.0,0.666666667,0,0,153.28571430000002,2,0.8571,0
20,4,0,13,97,116,1,13,16,0.8684210529999999,895,1.0,0,0.7625,0.19,4,4,42.85,1,0.95,2
9,1,0,8,23,0,5,3,8,0.5,148,1.0,1,0.0,0.288888889,0,0,14.88888889,4,1.3333,0
3,2,0,5,7,1,1,4,3,0.5,29,1.0,0,0.818181818,0.666666667,0,0,8.333333332999999,1,0.6667,0
30,1,0,31,65,303,29,4,26,0.689655172,634,1.0,0,0.0,0.17733990100000002,0,0,20.03333333,18,2.2333,1
3,6,0,7,11,3,5,3,3,2.0,37,0.0,0,0.96969697,1.0,2,3,11.33333333,2,1.3333,0
30,3,0,15,109,395,4,13,13,0.8697318009999999,929,0.5555555560000001,4,0.517241379,0.211206897,1,1,29.66666667,8,1.9667,0
8,5,0,9,29,0,1,8,5,0.571428571,187,1.0,0,0.8235294120000001,0.375,2,5,22.0,4,1.125,0
9,2,0,17,73,14,7,16,4,0.725,432,1.0,5,0.708333333,0.275,1,1,46.44444444,1,0.7778,1
23,3,0,15,88,201,0,15,19,0.847107438,541,1.0,1,0.627118644,0.144927536,2,2,22.04347826,13,2.1304,0
1,1,0,16,1,0,15,1,1,2.0,1,0.0,0,0.0,1.0,0,0,0.0,1,1.0,0
30,3,0,51,102,301,40,13,24,0.6034482760000001,1238,0.5,1,0.526315789,0.12183908,2,6,40.2,15,2.6333,0
8,5,0,6,26,0,1,5,5,0.571428571,172,1.0,0,0.8235294120000001,0.375,2,5,20.125,4,1.125,0
3,3,0,3,10,0,0,3,3,0.0,32,1.0,0,0.9487179490000001,0.666666667,0,0,9.333333332999999,1,0.6667,0
6,1,0,1,8,0,0,1,6,0.0,43,1.0,1,0.0,0.666666667,0,0,6.0,1,0.8333,0
3,2,0,9,28,3,1,8,2,2.0,155,0.0,0,0.92,1.0,1,1,50.66666667,11,4.0,1
13,5,0,11,34,68,5,7,12,0.75,199,1.0,0,0.837837838,0.292307692,2,8,14.15384615,5,2.1538,0
8,5,0,10,23,0,5,5,8,0.761904762,198,0.5,0,0.8444444440000001,0.35,1,4,23.0,6,2.25,0
6,5,0,9,22,0,4,5,6,0.6,105,0.5,0,0.88372093,0.333333333,2,5,16.16666667,4,1.6667,0
3,4,0,4,21,3,0,4,1,1.5,144,1.0,0,0.9607843140000001,1.0,2,3,46.66666667,9,3.3333,0
5,3,0,5,15,4,0,5,5,0.75,90,1.0,0,0.9024390240000001,0.533333333,0,0,16.4,1,0.8,0
3,1,0,3,3,3,2,1,3,2.0,3,0.0,0,0.0,0.666666667,0,0,0.0,1,1.0,0
2,3,0,0,3,1,0,0,2,2.0,7,0.0,0,0.9090909090000001,0.75,1,1,2.5,1,0.5,0
3,1,0,3,17,0,2,1,3,0.25,204,1.0,0,0.0,0.666666667,0,0,65.66666667,2,1.0,0
22,5,1,17,73,151,4,15,14,0.848484848,618,1.0,0,0.72,0.22159090899999997,0,0,26.59090909,7,1.6364,1
1,1,0,8,1,0,6,2,1,2.0,1,0.0,0,0.0,1.0,0,0,0.0,1,1.0,0
4,2,0,6,14,2,1,5,4,0.666666667,68,1.0,1,0.75,0.5,0,0,15.5,1,0.75,0
3,4,0,5,25,3,0,5,1,1.5,191,1.0,0,0.9607843140000001,1.0,2,3,62.33333333,13,4.6667,0
18,1,2,23,68,151,16,9,17,1.039215686,413,0.166666667,0,0.0,0.152777778,0,0,21.61111111,4,1.5,1
8,3,0,2,39,10,0,2,8,0.7142857140000001,308,1.0,0,0.8409090909999999,0.325,1,1,37.0,4,1.25,0
20,1,0,3,50,74,2,2,18,0.6,721,1.0,2,0.0,0.28125,0,0,34.8,7,2.4,1
35,1,0,12,79,333,2,11,31,0.7516339870000001,487,1.0,6,0.0,0.16785714300000001,0,0,12.65714286,7,1.7143,3
10,5,0,6,30,0,1,5,6,0.688888889,328,1.0,1,0.7777777779999999,0.375,2,5,30.8,12,2.3,0
4,4,0,4,13,0,1,3,4,0.0,87,1.0,0,0.9285714290000001,0.75,2,4,20.5,1,0.5,0
53,1,1,37,119,1112,28,9,28,0.842657343,1739,1.0,2,0.0,0.244505495,0,0,31.39622642,23,2.8113,2
15,1,2,8,23,67,6,2,9,0.7142857140000001,170,1.0,0,0.0,0.5166666670000001,0,0,9.933333333,2,1.0,1
7,1,1,5,8,3,5,0,7,0.75,47,1.0,0,0.0,0.47619047600000003,0,0,5.1428571430000005,1,0.8571,0
10,6,0,10,33,35,0,10,6,0.851851852,165,1.0,1,0.950617284,0.351851852,3,9,15.2,2,0.9,0
17,4,0,15,62,78,4,14,12,0.8125,416,0.8,1,0.7192982459999999,0.20588235300000002,0,0,23.17647059,16,2.8235,0
8,4,0,7,39,4,0,7,7,0.7142857140000001,277,1.0,0,0.9176470590000001,0.46875,4,4,32.875,5,1.375,0
5,3,0,8,41,0,0,8,5,0.5,230,1.0,0,0.9024390240000001,0.4,2,2,44.4,1,0.8,0
19,5,0,14,45,25,4,10,16,0.488888889,458,0.8,0,0.85046729,0.298245614,4,15,22.57894737,4,1.8421,3
17,1,0,4,58,130,1,4,5,0.921875,630,0.25,0,0.0,0.129411765,0,0,35.82352941,4,2.1176,1
4,1,0,4,5,0,3,1,4,0.333333333,24,1.0,0,0.0,0.875,0,0,4.75,1,0.75,0
4,1,0,1,13,6,0,1,4,2.0,45,0.0,0,0.0,0.625,0,0,10.25,2,1.0,0
2,3,0,4,15,1,0,4,0,2.0,59,0.0,0,0.9523809520000001,0.666666667,1,1,28.5,1,0.5,0
50,3,2,55,123,919,25,30,47,0.78425656,918,1.0,1,0.384615385,0.064444444,2,5,17.22,6,1.88,2
8,3,0,15,77,6,1,14,5,0.825396825,585,1.0,1,0.8409090909999999,0.35,0,0,71.0,10,3.875,2
42,3,11,39,96,0,11,28,40,0.0,328,1.0,1,0.474358974,0.073412698,2,2,6.785714286,6,1.1667,0
31,3,2,20,97,307,3,17,24,0.884126984,1137,1.0,2,0.552238806,0.20967741899999998,2,2,35.0,18,1.871,4
1,2,0,1,2,0,0,1,1,2.0,4,0.0,0,1.0,1.0,0,0,3.0,0,0.0,0
1,6,1,3,2,0,2,1,1,2.0,4,0.0,0,1.0,1.0,0,0,3.0,0,0.0,0
4,2,0,6,14,0,1,6,3,0.0,96,1.0,1,0.916666667,0.5,1,3,22.75,5,1.75,0
9,2,0,0,23,0,0,0,9,0.53125,250,1.0,0,0.5625,0.38888888899999996,1,2,26.33333333,1,0.7778,0
4,1,0,3,25,4,1,2,1,0.333333333,183,1.0,0,0.0,0.583333333,0,0,44.25,3,1.25,0
2,2,0,9,28,1,1,8,2,2.0,268,0.0,0,0.958333333,1.0,1,1,133.0,1,0.5,1
6,3,0,5,35,0,0,5,3,0.8666666670000001,300,1.0,0,0.880952381,0.444444444,1,1,48.5,1,0.8333,0
5,1,1,35,11,4,33,2,5,0.25,54,1.0,0,0.0,0.533333333,0,0,9.6,1,0.6,0
18,5,0,15,58,39,0,15,16,0.607843137,316,1.0,1,0.8629032259999999,0.268518519,4,7,16.38888889,4,1.2222,0
5,3,3,8,12,2,6,2,5,0.625,49,1.0,0,0.9024390240000001,0.46666666700000003,0,0,8.4,1,0.8,0
2,2,0,1,6,1,0,1,1,2.0,20,0.0,0,0.875,0.75,1,1,9.0,1,0.5,0
4,2,0,6,10,0,4,2,4,0.333333333,125,1.0,0,0.75,0.5,0,0,29.5,2,1.0,0
7,3,0,6,26,15,2,5,6,0.833333333,237,0.5,0,0.860465116,0.28571428600000004,1,1,32.57142857,1,0.8571,0
16,1,3,15,56,86,4,12,6,0.8,372,1.0,2,0.0,0.226666667,0,0,22.0625,14,2.0,0
7,1,0,24,8,3,24,0,7,0.666666667,43,1.0,0,0.0,0.7142857140000001,0,0,4.714285714,1,0.8571,0
33,1,0,29,100,420,19,25,22,0.9027777779999999,1585,0.333333333,0,0.0,0.28125,0,0,46.21212121,17,2.1818,3
3,2,0,8,20,3,1,7,2,1.0,151,0.0,0,0.92,0.5,0,0,48.33333333,1,0.6667,0
3,4,3,32,9,3,28,4,2,2.0,23,0.0,0,0.9886363640000001,0.666666667,3,4,6.666666667,2,0.6667,0
3,2,0,3,8,0,2,1,3,0.0,32,1.0,0,0.75,0.5555555560000001,0,0,9.333333332999999,1,0.6667,0
31,1,0,5,68,407,2,3,13,0.904761905,624,0.904761905,2,0.0,0.316129032,0,0,18.451612899999997,11,1.4516,0
17,3,0,19,67,112,6,13,14,0.770833333,468,1.0,1,0.6521739129999999,0.18300653600000003,1,1,26.17647059,16,2.7059,2
1,1,0,2,1,0,2,0,1,2.0,1,0.0,0,0.0,1.0,0,0,0.0,1,1.0,0
10,2,0,4,30,27,1,3,5,0.761904762,252,1.0,1,0.35714285700000004,0.283333333,1,1,23.5,2,1.0,0
16,1,3,13,39,80,6,7,12,0.876190476,341,0.857142857,0,0.0,0.28571428600000004,0,0,19.875,8,1.75,1
16,3,0,3,41,84,1,2,16,0.6740740740000001,559,1.0,2,0.580645161,0.25,2,8,33.375,1,0.8125,3
3,5,0,7,14,0,4,3,2,0.25,92,1.0,1,0.953488372,0.5555555560000001,1,1,29.0,8,3.0,0
7,1,0,9,7,21,8,1,7,2.0,7,0.0,0,0.0,1.0,0,0,0.0,1,1.0,0
5,1,0,3,9,0,1,2,5,0.666666667,64,1.0,0,0.0,0.533333333,0,0,11.2,1,0.8,0
8,3,0,11,45,16,1,10,4,0.771428571,216,0.6,0,0.8409090909999999,0.270833333,1,1,25.375,4,1.875,0
14,2,0,18,63,65,9,13,2,0.879120879,322,1.0,3,0.5862068970000001,0.23076923100000002,1,1,21.5,2,0.9286,1
12,1,0,2,42,0,1,1,12,0.386363636,236,1.0,0,0.0,0.444444444,0,0,18.33333333,4,1.5833,1
6,1,0,2,11,3,1,1,3,0.6,56,1.0,0,0.0,0.666666667,0,0,8.0,1,0.8333,0
2,4,0,5,15,1,0,5,1,2.0,67,0.0,0,0.980392157,1.0,1,2,32.5,4,2.0,0
5,1,0,7,5,10,6,1,5,2.0,5,0.0,0,0.0,0.4,0,0,0.0,1,1.0,0
8,1,0,2,33,4,2,1,5,0.673469388,269,0.7142857140000001,1,0.0,0.41666666700000005,0,0,31.75,4,1.75,0
7,4,0,14,26,0,5,9,7,0.45833333299999995,199,1.0,2,0.853658537,0.39285714299999996,1,3,26.85714286,5,2.5714,0
5,1,0,6,13,0,5,1,5,0.0,69,1.0,0,0.0,0.533333333,0,0,12.6,3,1.2,0
14,3,0,8,34,65,0,8,14,0.91025641,404,1.0,1,0.74,0.595238095,1,2,27.0,2,1.0,0
7,1,0,2,7,21,2,0,7,2.0,7,0.0,0,0.0,0.642857143,0,0,0.0,1,1.0,0
30,3,1,14,89,301,1,13,30,0.9355322340000001,844,0.826086957,2,0.560606061,0.207407407,3,3,26.36666667,39,2.5,0
4,1,0,2,7,6,1,1,4,2.0,20,0.0,0,0.0,0.875,0,0,4.0,1,0.75,0
1,5,0,1,2,0,0,1,1,2.0,4,0.0,0,1.0,1.0,0,0,3.0,0,0.0,0
5,1,2,5,15,0,4,1,4,0.5,137,1.0,0,0.0,0.9,0,0,25.2,4,1.8,0
1,4,0,1,3,0,1,0,1,2.0,6,0.0,0,1.0,1.0,0,0,5.0,0,0.0,0
3,1,0,7,14,3,1,6,1,2.0,88,0.0,0,0.0,0.444444444,0,0,28.33333333,1,0.6667,1
5,1,0,2,7,4,2,0,0,0.5,39,1.0,0,0.0,0.7,0,0,6.2,1,0.6,0
16,1,0,13,74,50,0,13,12,0.9370370370000001,635,1.0,1,0.0,0.288888889,0,0,37.5625,9,2.6875,0
5,3,0,9,24,10,1,9,3,2.0,137,0.0,0,0.882352941,0.4,0,0,26.4,6,2.8,0
8,1,0,80,19,18,79,1,6,0.428571429,99,0.75,1,0.0,0.39285714299999996,0,0,10.875,3,0.625,0
14,3,0,10,44,0,0,10,14,0.7307692309999999,199,1.0,1,0.74,0.255102041,2,4,12.92857143,2,1.4286,0
1,3,0,6,2,0,6,0,1,2.0,5,0.0,0,1.0,1.0,0,0,4.0,0,0.0,0
2,2,0,9,24,1,1,8,2,2.0,147,0.0,0,0.958333333,1.0,0,0,72.5,1,0.5,0
0,1,0,4,0,0,2,2,0,2.0,0,0.0,0,0.0,0.0,0,0,0.0,0,0.0,0
5,4,0,1,9,10,1,0,3,0.75,81,1.0,0,0.924528302,0.44,2,2,15.0,5,2.0,0
30,4,0,19,93,317,1,19,23,0.912972085,949,1.0,5,0.728971963,0.23809523800000001,3,4,29.93333333,3,1.1,3
17,1,0,8,74,14,3,5,16,0.8660714290000001,599,0.28571428600000004,1,0.0,0.163398693,1,1,33.41176471,8,1.5294,1
3,5,0,9,11,3,5,4,3,2.0,76,0.0,0,0.953488372,0.666666667,1,1,24.33333333,4,1.6667,0
2,3,0,3,8,1,1,3,2,2.0,33,0.0,0,0.96969697,1.0,0,0,15.5,1,0.5,0
24,1,0,23,24,276,3,20,24,2.0,24,0.0,0,0.0,0.089285714,0,0,0.0,1,1.0,0
8,3,0,4,18,10,0,4,6,0.7142857140000001,172,1.0,0,0.8409090909999999,0.75,0,0,20.125,4,1.75,0
6,3,0,5,24,1,0,5,6,0.7,137,1.0,0,0.880952381,0.41666666700000005,3,3,21.16666667,1,0.8333,0
19,4,0,18,40,23,6,16,19,0.688888889,386,1.0,1,0.604651163,0.119298246,2,4,19.05263158,11,1.7368,0
4,4,0,3,7,0,1,2,4,0.0,161,1.0,0,0.9285714290000001,0.75,2,4,38.5,1,0.5,0
5,1,0,1,19,0,1,0,3,0.5,108,1.0,0,0.0,0.533333333,0,0,20.2,3,1.4,0
7,3,0,7,38,0,0,7,7,0.666666667,262,1.0,0,0.860465116,0.342857143,2,2,35.71428571,1,0.8571,0
9,3,0,0,16,34,0,0,8,0.0,60,1.0,0,0.8,0.666666667,1,1,5.555555556,2,1.0,0
3,5,0,2,8,0,2,0,3,0.0,28,1.0,0,0.9285714290000001,0.666666667,0,0,8.0,1,0.3333,0
7,4,0,9,50,21,0,9,1,2.0,686,0.0,0,0.9302325579999999,0.7142857140000001,4,4,97.0,21,5.4286,0
3,1,0,2,3,3,2,0,3,1.5,4,0.0,0,0.0,0.666666667,0,0,0.0,1,1.0,0
8,1,0,4,15,6,4,0,7,0.571428571,286,1.0,0,0.0,0.541666667,0,0,34.5,13,2.375,0
1,1,0,3,1,0,3,1,1,2.0,1,0.0,0,0.0,1.0,0,0,0.0,1,1.0,0
3,2,0,8,22,3,1,7,2,1.0,152,0.0,0,0.8666666670000001,0.5,0,0,48.66666667,1,0.6667,0
9,2,0,7,50,14,2,5,8,0.5625,348,1.0,1,0.8840579709999999,0.481481481,2,4,37.22222222,8,3.4444,0
7,5,0,9,26,0,5,4,7,0.666666667,263,0.0,0,0.8636363640000001,0.342857143,2,5,36.0,8,3.0,0
12,4,0,5,60,16,0,5,8,0.9020979020000001,720,0.538461538,1,0.8764044940000001,0.305555556,1,2,57.91666667,3,1.0833,0
9,1,0,4,18,14,3,1,4,0.65625,88,1.0,0,0.0,0.518518519,0,0,8.333333332999999,1,0.8889,0
48,3,0,22,151,498,0,22,38,0.8608837970000001,1000,1.0,4,0.44047619,0.12222222199999999,1,3,19.5625,2,1.125,3
4,3,0,5,16,0,0,5,4,0.333333333,95,1.0,0,0.914285714,0.75,0,0,22.25,1,0.75,0
21,1,0,2,35,38,2,0,17,0.6318181820000001,617,0.818181818,0,0.0,0.293650794,0,0,27.85714286,3,0.8571,1
12,1,0,6,34,4,3,4,6,0.651515152,367,1.0,0,0.0,0.3125,0,0,29.08333333,1,0.8333,0
4,3,0,5,10,2,0,5,4,0.666666667,48,1.0,0,0.925,0.5,0,0,10.5,1,0.75,0
8,1,0,4,39,22,1,3,6,0.7857142859999999,377,0.5,0,0.0,0.166666667,0,0,45.875,3,1.25,0
10,3,1,14,61,19,1,13,8,0.80952381,543,1.0,0,0.804347826,0.26666666699999997,2,2,52.6,5,1.4,2
28,4,5,23,45,348,6,23,28,0.037037037,204,1.0,0,0.564516129,0.079192547,0,0,6.25,4,1.2143,0
4,1,0,3,13,6,3,0,4,2.0,86,0.0,0,0.0,0.333333333,1,1,20.5,8,3.5,0
6,1,0,11,6,15,10,1,6,1.2,10,0.0,0,0.0,0.7222222220000001,0,0,0.0,1,1.0,0
32,2,0,4,40,330,2,2,2,0.772759857,2011,0.7777777779999999,1,0.225,0.20625,1,1,60.4375,26,4.0938,0
37,1,0,51,146,654,46,8,33,0.941358025,2046,0.7777777779999999,0,0.0,0.283333333,0,0,54.05405405,29,2.8108,8
1,1,0,2,1,0,1,2,1,2.0,1,0.0,0,0.0,1.0,0,0,0.0,1,1.0,0
10,1,0,3,13,31,1,2,10,0.703703704,76,1.0,1,0.0,0.375,0,0,6.3,2,1.1,0
28,3,0,26,89,246,17,14,16,0.771604938,817,1.0,0,0.578125,0.24107142899999998,1,5,27.96428571,16,2.4286,4
11,2,0,6,26,0,4,2,11,0.58,181,1.0,0,0.529411765,0.409090909,0,0,15.0,1,0.7273,0
5,5,0,4,19,4,1,3,4,0.25,107,1.0,0,0.9032258059999999,0.7,2,5,20.2,1,0.6,0
10,3,0,6,44,21,1,6,7,0.740740741,367,1.0,0,0.804347826,0.45,0,0,35.1,2,1.1,0
10,3,2,7,26,29,2,5,6,0.5555555560000001,162,1.0,0,0.804347826,0.5,0,0,15.0,4,1.2,0
20,3,0,11,71,124,7,6,15,0.782894737,698,0.625,0,0.625,0.3,2,3,33.5,6,2.0,3
3,4,0,9,9,3,5,4,2,2.0,23,0.0,0,0.9886363640000001,0.666666667,3,4,6.666666667,2,0.6667,0
38,4,1,31,169,453,3,28,22,0.869565217,2236,1.0,2,0.684210526,0.144144144,0,0,57.23684211,5,1.2632,6
8,1,0,3,38,6,0,3,8,0.6190476189999999,233,1.0,0,0.0,0.375,0,0,27.75,6,1.75,1
2,3,0,3,7,1,1,3,2,2.0,23,0.0,0,0.96969697,1.0,0,0,10.5,1,0.5,0
6,3,0,6,26,3,1,6,4,0.4,134,1.0,0,0.880952381,0.5,0,0,21.0,2,1.0,0
0,1,0,1,0,0,1,0,0,2.0,24,0.0,0,0.0,0.0,0,0,0.0,0,0.0,1
5,1,1,5,7,6,5,0,5,0.75,32,1.0,0,0.0,0.7,0,0,5.0,1,0.8,0
7,1,0,3,22,0,3,1,6,0.5555555560000001,112,1.0,0,0.0,0.47619047600000003,0,0,14.57142857,4,1.4286,0
5,4,0,3,20,4,1,2,4,0.833333333,168,0.666666667,0,0.896551724,0.46666666700000003,2,4,32.0,1,0.6,1
36,3,1,19,106,272,4,15,26,0.8628571429999999,712,1.0,3,0.513888889,0.175,0,0,18.36111111,12,1.3889,0
2,1,0,4,2,1,3,2,2,2.0,2,0.0,0,0.0,0.75,0,0,0.0,1,1.0,0
1,1,0,5,1,0,4,1,1,2.0,1,0.0,0,0.0,1.0,0,0,0.0,1,1.0,0
8,3,0,10,39,0,0,10,6,0.628571429,330,1.0,1,0.8409090909999999,0.325,0,0,39.625,1,0.875,1
2,1,0,5,30,0,0,5,0,0.0,189,1.0,2,0.0,0.6,0,0,92.0,10,5.0,0
4,3,0,3,18,4,0,3,3,0.666666667,152,1.0,0,0.925,0.75,1,1,36.75,1,0.75,0
31,2,0,8,77,317,5,3,22,0.8583333329999999,615,0.916666667,0,0.469387755,0.14,1,1,18.451612899999997,5,1.5161,2
10,3,0,7,57,19,0,7,9,0.833333333,518,0.875,0,0.804347826,0.34,2,2,50.0,2,1.0,2
8,3,0,11,33,0,6,5,6,0.428571429,181,1.0,0,0.833333333,0.3125,1,1,21.375,5,2.0,0
35,3,0,14,90,519,4,10,25,0.9090909090000001,815,1.0,3,0.536231884,0.171428571,0,0,21.97142857,7,1.4,0
14,1,0,8,19,45,8,0,14,0.576923077,138,1.0,0,0.0,0.37142857100000004,0,0,8.571428571,3,0.9286,0
4,4,0,8,26,0,0,8,3,0.333333333,125,1.0,1,0.944444444,0.4,2,2,30.0,5,1.75,2
7,3,0,9,36,1,0,9,7,0.708333333,250,1.0,2,0.860465116,0.28571428600000004,2,2,34.14285714,1,0.8571,1
15,3,0,3,37,41,1,2,14,0.6964285709999999,437,0.75,1,0.454545455,0.311111111,1,2,27.33333333,1,0.8,2
1,1,0,5,1,0,4,1,1,2.0,1,0.0,0,0.0,1.0,0,0,0.0,1,1.0,0
15,1,0,8,71,55,4,5,9,0.793650794,616,1.0,0,0.0,0.219047619,0,0,39.46666667,3,0.8667,2
2,2,0,6,11,1,1,5,2,2.0,41,0.0,0,0.958333333,1.0,0,0,19.5,1,0.5,0
6,3,0,6,18,5,0,6,5,0.7333333329999999,95,1.0,0,0.880952381,0.5,0,0,14.33333333,1,0.8333,0
4,1,0,5,4,6,4,1,4,2.0,4,0.0,0,0.0,0.5,0,0,0.0,1,1.0,0
9,3,0,9,34,10,0,9,7,0.729166667,214,1.0,0,0.8409090909999999,0.3125,1,1,22.11111111,6,1.4444,1
7,3,0,7,23,0,0,7,7,0.625,145,1.0,0,0.860465116,0.342857143,1,1,19.14285714,5,1.4286,0
5,1,0,13,5,10,13,0,5,2.0,5,0.0,0,0.0,0.533333333,0,0,0.0,1,1.0,0
19,3,0,8,52,119,2,8,9,0.869047619,523,0.9285714290000001,2,0.672727273,0.169590643,0,0,25.78947368,7,1.4737,1
1,1,0,13,1,0,12,1,1,2.0,1,0.0,0,0.0,1.0,0,0,0.0,1,1.0,0
7,5,0,5,17,0,1,4,5,0.7777777779999999,107,1.0,0,0.848484848,0.47619047600000003,2,5,13.85714286,5,1.2857,0
3,1,1,7,9,0,5,2,3,0.0,47,1.0,0,0.0,0.666666667,0,0,14.33333333,1,0.6667,1
6,4,0,10,33,0,0,10,6,0.6,511,1.0,0,0.939759036,0.5555555560000001,1,1,83.5,1,0.8333,1
10,4,0,17,36,3,5,12,10,0.583333333,253,1.0,2,0.795454545,0.26666666699999997,1,3,23.9,7,2.3,0
2,1,0,3,2,1,3,0,2,2.0,2,0.0,0,0.0,0.75,0,0,0.0,1,1.0,0
20,3,0,14,69,130,1,13,16,0.8468899520000001,819,1.0,4,0.660714286,0.25,2,2,39.4,25,3.05,3
2,2,0,7,9,1,3,4,2,2.0,31,0.0,0,0.923076923,0.666666667,0,0,14.5,1,0.5,0
8,1,0,1,14,28,1,0,8,2.0,271,0.0,0,0.0,0.45,0,0,32.875,7,2.75,0
23,1,0,14,113,173,1,14,5,0.751196172,1964,0.894736842,0,0.0,0.144628099,0,0,83.56521739,50,4.3913,0
1,1,0,8,1,0,6,2,1,2.0,3,0.0,0,0.0,1.0,0,0,0.0,1,1.0,0
9,1,0,3,19,8,2,1,9,0.53125,119,1.0,0,0.0,0.518518519,0,0,11.77777778,3,1.4444,0
4,3,0,3,17,4,0,3,3,1.0,99,1.0,0,0.925,0.75,1,1,23.25,2,1.0,0
6,2,0,1,12,0,1,0,6,0.0,62,1.0,0,0.5,0.45833333299999995,1,1,9.0,1,0.8333,0
3,1,0,23,3,3,23,0,3,2.0,3,0.0,0,0.0,1.0,0,0,0.0,1,1.0,0
4,2,0,4,15,0,1,3,4,0.333333333,109,1.0,0,0.75,0.5,0,0,25.75,1,0.75,0
11,3,0,11,38,0,0,11,11,0.7,250,1.0,1,0.787234043,0.454545455,1,1,21.36363636,2,1.4545,0
18,4,0,12,84,83,1,12,11,0.9601518029999999,1202,1.0,1,0.821052632,0.181818182,2,2,64.05555556,8,1.9444,1
5,1,0,1,11,6,1,0,5,0.65,153,1.0,0,0.0,0.5,0,0,28.6,5,1.4,1
6,3,0,11,23,1,4,7,5,0.8,95,0.666666667,2,0.882352941,0.6,0,0,14.33333333,3,1.3333,0
85,3,0,35,227,2766,7,35,78,0.944444444,2412,0.96969697,10,0.308333333,0.13690476199999999,3,3,26.98823529,13,1.6706,6
1,4,0,1,2,0,0,1,1,2.0,4,0.0,0,1.0,1.0,0,0,3.0,0,0.0,0
6,1,0,5,6,15,4,1,6,2.0,6,0.0,0,0.0,0.444444444,0,0,0.0,1,1.0,0
3,1,0,1,5,3,1,0,3,2.0,24,0.0,0,0.0,0.666666667,0,0,7.0,4,1.6667,0
3,3,2,6,6,1,5,1,3,0.5,25,1.0,0,0.882352941,0.833333333,1,1,7.0,3,1.3333,0
3,5,1,7,14,3,6,2,3,2.0,52,0.0,0,0.96875,0.5555555560000001,1,1,16.33333333,3,1.6667,0
5,3,0,5,19,0,0,5,5,0.666666667,100,1.0,0,0.9024390240000001,0.533333333,1,1,18.4,1,0.8,0
4,1,0,7,22,6,2,5,2,2.0,121,0.0,0,0.0,0.75,0,0,29.25,4,1.5,0
4,1,0,4,13,0,1,3,4,0.666666667,60,1.0,1,0.0,0.75,0,0,13.25,1,0.75,0
7,3,0,5,53,19,0,5,1,0.916666667,404,0.5,1,0.93258427,0.485714286,3,11,56.42857143,12,2.4286,1
2,2,0,1,6,1,0,1,1,2.0,20,0.0,0,0.875,0.75,1,1,9.0,1,0.5,0
1,1,0,2,1,0,1,1,1,2.0,1,0.0,0,0.0,1.0,0,0,0.0,1,1.0,0
20,1,0,4,42,130,0,4,18,0.736842105,376,1.0,1,0.0,0.284210526,0,0,17.45,3,1.15,0
4,3,0,6,17,0,2,4,4,0.833333333,70,0.5,0,0.9090909090000001,0.583333333,0,0,16.0,3,1.5,0
20,4,0,11,91,108,1,10,15,0.7763157890000001,962,1.0,0,0.8041237109999999,0.2125,0,0,46.3,3,1.1,2
7,1,0,3,25,0,1,2,7,0.541666667,211,1.0,0,0.0,0.47619047600000003,0,0,28.57142857,5,2.0,1
13,1,0,5,32,70,3,2,9,0.833333333,158,1.0,1,0.0,0.083333333,0,0,10.84615385,2,0.9231,0
35,1,0,6,73,353,4,2,34,0.809597523,790,0.7894736840000001,0,0.0,0.16,1,1,21.02857143,4,1.2,0
1,1,0,0,2,0,0,0,1,2.0,6,0.0,0,0.0,1.0,0,0,3.0,0,0.0,0
15,3,0,16,78,69,0,16,10,0.826530612,502,1.0,0,0.725490196,0.233333333,1,1,32.0,6,1.4,2
5,2,0,11,23,10,1,10,4,1.0,130,0.0,0,0.764705882,0.5,0,0,24.8,1,0.8,0
33,2,0,6,44,322,2,4,5,0.857469512,4238,0.780487805,1,0.13888888900000002,0.257575758,1,1,126.18181820000001,32,5.6061,0
30,1,0,34,111,363,14,22,22,0.845735027,1004,0.7894736840000001,6,0.0,0.108374384,0,0,31.83333333,11,1.9333,3
11,1,0,3,36,51,3,0,8,1.01,314,0.6,0,0.0,0.22,0,0,26.63636364,4,1.3636,0
8,5,0,6,26,0,1,5,5,0.571428571,173,1.0,0,0.8235294120000001,0.375,2,5,20.25,4,1.125,0
23,1,0,32,57,147,28,6,19,0.805194805,441,1.0,1,0.0,0.313043478,0,0,17.86956522,8,1.8696,2
25,3,0,32,38,0,5,27,25,0.0,189,1.0,0,0.5555555560000001,0.08,1,1,6.52,1,0.96,0
4,1,0,6,5,6,5,1,4,2.0,16,0.0,0,0.0,0.875,0,0,3.0,1,0.75,0
11,5,0,12,38,1,5,7,11,0.84,394,0.5,0,0.791666667,0.21590909100000003,1,4,33.90909091,8,2.7273,0
11,1,0,11,54,17,1,10,11,0.7666666670000001,437,1.0,4,0.0,0.191919192,0,0,37.90909091,7,1.5455,2
3,1,0,0,7,0,0,0,3,0.0,19,1.0,0,0.0,0.666666667,0,0,5.0,1,0.6667,0
10,3,0,2,20,21,0,2,9,0.6,132,1.0,0,0.804347826,0.4,1,1,11.7,1,0.9,0
30,2,59,138,52,361,135,7,20,0.86637931,318,1.0,4,0.236842105,0.195833333,1,3,9.333333332999999,4,1.2,1
3,2,0,5,12,3,1,4,1,2.0,40,0.0,0,0.857142857,0.666666667,0,0,12.33333333,1,0.6667,0
9,5,0,5,28,12,0,5,8,0.5,217,1.0,0,0.8,0.481481481,2,5,22.66666667,1,0.7778,0
4,2,0,10,26,6,1,9,2,1.0,195,0.0,0,0.884615385,0.5,0,0,47.5,10,3.0,0
3,2,0,1,18,0,0,1,1,0.96875,258,1.0,0,0.8888888890000001,0.5,1,3,79.66666667,12,5.6667,0
6,1,0,14,24,15,14,0,5,1.0,116,0.0,0,0.0,0.3,0,0,18.16666667,2,1.0,0
28,3,0,6,80,272,0,6,12,0.928104575,777,1.0,1,0.587301587,0.290123457,1,1,26.14285714,27,2.5357,2
8,5,0,11,30,0,5,6,8,0.816326531,299,0.428571429,0,0.8444444440000001,0.35,1,4,35.5,11,3.125,0
2,1,0,7,22,1,2,5,2,2.0,222,0.0,0,0.0,0.5,0,0,110.0,12,6.0,2
7,5,0,5,22,0,1,4,5,0.5555555560000001,150,1.0,0,0.848484848,0.47619047600000003,2,5,20.0,4,1.1429,0
2,2,0,7,13,1,1,6,2,2.0,66,1.0,0,0.958333333,1.0,0,0,31.5,1,0.5,0
10,5,0,6,25,0,1,5,6,0.703703704,251,1.0,1,0.7777777779999999,0.375,2,4,23.2,5,1.6,0
21,1,8,23,98,112,8,15,4,0.730434783,951,1.0,9,0.0,0.242857143,0,0,43.19047619,30,4.0476,1
4,2,0,4,16,0,0,4,4,0.333333333,59,1.0,0,0.842105263,0.875,1,1,13.5,5,1.75,0
3,2,0,4,6,0,1,3,3,0.0,34,1.0,0,0.818181818,0.666666667,0,0,10.0,2,1.0,0
4,4,11,14,7,4,11,3,3,0.666666667,22,1.0,1,0.9285714290000001,0.5,0,0,4.25,1,0.5,0
4,5,0,6,15,0,5,2,4,0.333333333,83,1.0,0,0.9538461540000001,0.4375,1,1,19.5,5,2.0,0
15,3,0,8,49,33,1,8,9,0.428571429,463,1.0,1,0.725490196,0.25,1,1,29.8,7,1.9333,3
18,5,0,21,71,43,5,16,17,0.727272727,661,1.0,5,0.690909091,0.177777778,2,4,35.11111111,17,3.0,3
4,2,0,6,13,6,1,5,3,2.0,83,0.0,0,0.625,0.5,0,0,19.75,1,0.75,0
7,1,0,7,8,0,7,0,7,0.0,89,1.0,0,0.0,0.428571429,1,1,11.57142857,4,1.0,0
1,1,0,20,1,0,19,1,1,2.0,1,0.0,0,0.0,1.0,0,0,0.0,1,1.0,0
2,4,0,4,4,0,1,3,1,0.0,16,1.0,1,0.9375,0.666666667,1,1,6.5,1,0.5,0
9,3,2,5,24,26,2,3,5,0.6875,169,1.0,0,0.8222222220000001,0.444444444,1,1,17.55555556,1,0.8889,0
11,3,0,16,42,17,7,9,10,0.7,291,1.0,2,0.75,0.287878788,1,1,25.0,3,1.9091,1
4,4,8,12,5,0,8,4,3,0.333333333,18,1.0,1,0.921052632,0.4375,0,0,3.25,1,0.75,0
8,6,0,10,31,18,0,10,4,0.80952381,149,1.0,1,0.9625,0.35714285700000004,3,9,17.25,2,0.875,0
2,7,0,2,8,1,0,2,1,1.0,37,0.0,0,0.987179487,0.5,0,0,16.5,1,0.5,0
7,5,0,5,18,0,1,4,5,0.708333333,126,1.0,0,0.848484848,0.47619047600000003,2,5,16.42857143,5,1.2857,0
7,2,0,10,69,15,0,10,2,0.5,453,1.0,0,0.727272727,0.367346939,2,4,63.57142857,14,2.8571,0
28,3,0,18,94,220,2,18,18,0.877314815,769,1.0,3,0.587301587,0.11904761900000001,1,1,25.89285714,22,2.7143,0
11,2,0,12,15,13,9,4,11,0.75,97,1.0,3,0.2,0.22077922100000003,0,0,7.272727272999999,1,0.7273,0
23,5,2,15,99,165,2,13,10,0.814935065,1007,1.0,6,0.8503401359999999,0.158385093,3,13,42.17391304,5,1.3913,3
41,4,0,28,98,0,0,28,38,0.855555556,890,1.0,0,0.661016949,0.08059384900000001,3,4,20.48780488,16,1.6341,3
2,2,0,6,14,1,1,5,2,2.0,45,0.0,0,0.958333333,1.0,0,0,21.5,1,0.5,2
8,3,0,6,28,8,0,6,7,0.7142857140000001,221,1.0,1,0.8409090909999999,0.5,2,2,26.125,6,1.75,0
3,2,1,7,40,3,2,5,1,2.0,237,0.0,0,0.9,0.5555555560000001,1,1,78.0,8,3.0,0
15,4,0,243,27,0,242,1,15,0.39285714299999996,157,1.0,1,0.6190476189999999,0.322222222,1,3,9.333333332999999,2,0.6667,0
6,3,0,3,30,0,0,3,5,0.6,1270,1.0,0,0.880952381,0.5555555560000001,1,1,210.0,2,1.0,0
5,1,19,128,8,4,128,1,5,0.25,37,1.0,1,0.0,0.45,0,0,6.2,3,1.2,1
2,4,0,4,13,1,0,4,1,2.0,56,0.0,0,0.980392157,1.0,1,2,27.0,4,2.0,0
20,2,5,20,25,0,5,18,18,0.0,122,1.0,0,0.321428571,0.10277777800000001,0,0,5.05,1,0.95,0
13,5,0,7,39,0,1,6,7,0.712962963,424,1.0,0,0.7179487179999999,0.292307692,2,5,30.92307692,9,1.4615,1
5,1,0,4,20,0,0,4,4,0.333333333,145,1.0,1,0.0,0.9,0,0,27.4,5,2.2,0
6,1,0,3,11,1,1,2,6,0.7,74,1.0,0,0.0,0.5555555560000001,0,0,10.66666667,1,0.8333,0
9,2,2,10,18,8,9,1,6,0.8214285709999999,160,1.0,1,0.384615385,0.37777777799999995,1,1,16.0,1,0.8889,0
7,3,0,6,18,1,0,6,7,0.7,139,1.0,0,0.842105263,0.428571429,0,0,18.14285714,1,0.8571,0
12,4,1,11,27,0,2,9,11,0.545454545,90,1.0,1,0.788461538,0.333333333,0,0,6.333333333,3,1.0833,0
7,1,0,3,8,0,3,0,7,0.0,147,1.0,0,0.0,0.342857143,1,1,19.85714286,4,1.0,0
4,1,0,6,4,6,3,4,4,2.0,4,0.0,0,0.0,0.625,0,0,0.0,1,1.0,0
1,1,0,19,1,0,19,0,1,2.0,1,0.0,0,0.0,1.0,0,0,0.0,1,1.0,0
4,2,0,4,13,0,1,3,4,0.333333333,89,1.0,0,0.75,0.5,0,0,20.75,1,0.75,0
18,1,1,8,20,129,3,5,17,0.952941176,134,1.0,3,0.0,0.229166667,0,0,5.6111111110000005,1,0.9444,0
11,3,0,14,39,19,1,13,9,0.75,332,1.0,1,0.787234043,0.327272727,1,1,28.63636364,21,3.0,0
11,1,0,17,26,31,16,2,7,0.892307692,362,0.615384615,1,0.0,0.3,0,0,30.72727273,5,2.1818,3
2,3,0,1,3,1,1,0,2,2.0,7,0.0,0,0.947368421,0.75,1,1,2.5,1,0.5,0
7,4,2,10,23,3,2,8,6,0.666666667,139,1.0,2,0.853658537,0.428571429,1,3,18.28571429,4,1.7143,0
100,1,0,202,247,4576,193,23,87,0.9795008909999999,2015,0.588235294,4,0.0,0.090869565,0,0,18.81,7,1.4,5
16,1,0,6,36,58,1,5,13,0.6333333329999999,366,1.0,0,0.0,0.2421875,0,0,21.5,5,1.75,2
75,4,0,27,121,2541,11,18,68,0.96476834,918,1.0,6,0.513157895,0.20571428600000002,1,1,10.86666667,8,1.4667,3
6,3,0,8,32,9,0,8,4,0.8,194,1.0,1,0.9024390240000001,0.35,2,2,30.83333333,10,2.1667,1
12,4,0,17,87,20,0,17,9,0.916666667,687,0.25,2,0.8764044940000001,0.260416667,2,2,55.25,2,1.0,1
7,1,0,1,11,7,1,0,7,0.333333333,105,0.0,0,0.0,0.7142857140000001,0,0,13.57142857,7,1.4286,0
21,1,0,13,52,90,2,11,15,0.8375,522,1.0,1,0.0,0.226190476,0,0,23.095238100000003,14,1.7619,3
3,1,0,5,19,1,0,5,2,0.5,89,1.0,0,0.0,0.5,0,0,28.33333333,1,0.3333,0
6,3,0,5,15,1,0,5,6,0.7,75,1.0,0,0.880952381,0.5555555560000001,0,0,10.83333333,1,0.8333,1
6,3,5,18,8,3,15,3,6,0.4,39,1.0,0,0.857142857,0.5,0,0,5.333333333,3,1.3333,0
3,5,0,6,14,3,5,2,3,2.0,52,0.0,0,0.96875,0.5555555560000001,1,1,16.33333333,3,1.6667,0
3,2,0,2,5,0,1,1,3,0.0,34,1.0,1,0.818181818,0.5,1,2,10.0,1,0.6667,0
22,3,0,12,68,133,7,6,16,0.571428571,677,1.0,0,0.588235294,0.26623376600000004,2,3,29.59090909,9,2.9545,3
5,1,0,13,28,10,1,12,1,1.0,225,0.5,0,0.0,0.333333333,0,0,43.6,2,1.0,1
26,3,1,9,56,225,1,8,20,0.872727273,537,1.0,2,0.606557377,0.24,0,0,19.23076923,7,1.1923,1
4,1,0,13,18,0,6,7,4,0.222222222,137,1.0,2,0.0,0.5,0,0,32.5,3,1.5,1
8,1,33,59,14,20,58,1,7,0.7142857140000001,87,1.0,0,0.0,0.6875,0,0,9.625,5,1.5,0
1,1,0,2,1,0,2,0,0,2.0,2064,0.0,0,0.0,0.0,0,0,2052.0,0,0.0,0
15,2,15,24,29,59,20,4,5,0.7142857140000001,169,1.0,1,0.39130434799999997,0.20952381,0,0,10.06666667,3,1.2667,0
4,4,0,11,19,2,0,11,4,0.666666667,102,1.0,1,0.931818182,0.5,0,0,24.0,4,2.0,0
11,1,0,8,27,55,2,7,9,1.1,218,0.5,0,0.0,0.284090909,0,0,18.63636364,8,1.9091,1
12,1,0,4,37,0,3,1,1,0.7662337659999999,340,1.0,0,0.0,0.818181818,0,0,26.16666667,3,1.6667,0
3,1,0,0,4,3,0,0,3,2.0,20,0.0,0,0.0,0.5,0,0,5.666666667,2,1.0,0
7,2,0,7,32,9,1,7,5,0.75,128,0.5,1,0.545454545,0.5,0,0,17.0,2,0.8571,0
10,3,6,20,21,23,18,2,5,0.814814815,151,1.0,1,0.692307692,0.228571429,1,2,13.8,1,0.8,0
25,3,0,8,99,112,5,3,15,0.802884615,1445,0.923076923,8,0.3125,0.213541667,1,7,55.76,2,1.0,1
48,4,0,25,109,964,7,20,44,0.946301925,819,0.9523809520000001,4,0.624,0.15416666699999998,3,3,15.625,7,1.375,0
3,2,0,1,10,0,0,1,1,0.0,67,1.0,1,0.7142857140000001,0.666666667,1,1,20.33333333,1,0.6667,0
41,3,2,17,105,700,2,15,32,0.925,988,0.956521739,2,0.480519481,0.19512195100000002,0,0,22.53658537,10,1.6341,0
2,1,0,5,2,1,5,0,2,2.0,2,0.0,0,0.0,0.75,0,0,0.0,1,1.0,0
20,1,2,11,45,112,7,4,16,0.684210526,543,0.857142857,0,0.0,0.316666667,0,0,25.8,11,3.0,0
22,4,0,9,90,129,2,9,16,0.84981685,826,1.0,3,0.787878788,0.318181818,2,2,35.95454545,6,1.2727,1
8,1,0,1,42,24,1,0,7,0.7142857140000001,485,1.0,0,0.0,0.346938776,0,0,59.375,11,4.0,0
5,1,1,6,12,10,3,3,3,2.0,86,0.0,0,0.0,0.533333333,0,0,16.2,1,0.8,0
7,3,0,8,25,0,0,8,7,0.625,141,1.0,0,0.860465116,0.857142857,1,1,18.57142857,1,0.8571,0
6,5,0,14,29,0,5,9,6,0.7,224,0.75,2,0.88372093,0.41666666700000005,1,4,35.66666667,8,2.6667,0
13,1,0,14,23,68,12,2,12,0.697916667,357,1.0,0,0.0,0.708333333,0,0,25.84615385,44,4.0769,0
10,3,0,9,31,15,2,7,10,0.666666667,166,1.0,1,0.7692307690000001,0.3,1,1,15.3,3,1.4,0
3,2,0,7,19,3,1,6,2,1.0,93,0.0,0,0.8666666670000001,0.5,0,0,29.66666667,1,0.6667,0
26,1,0,10,47,241,7,3,26,0.9163636359999999,279,1.0,3,0.0,0.153846154,0,0,9.307692308,3,1.3077,1
0,1,0,1,0,0,1,0,0,2.0,7,0.0,0,0.0,0.0,0,0,0.0,0,0.0,0
34,1,0,21,132,283,8,16,23,0.80952381,1255,0.7857142859999999,3,0.0,0.19607843100000003,0,0,35.5,10,2.5882,2
2,4,0,1,5,1,0,1,2,2.0,10,0.0,0,0.985507246,0.75,1,1,4.0,1,0.5,0
16,3,0,13,48,58,1,13,12,0.786666667,485,1.0,2,0.711538462,0.25,2,2,28.6875,4,1.5,0
10,2,0,1,22,29,1,0,9,0.311111111,117,1.0,0,0.454545455,0.333333333,1,1,10.2,1,0.6,0
49,2,1,24,126,926,18,8,31,0.8833333329999999,1512,0.7,1,0.44155844200000005,0.16346153800000002,1,5,29.44897959,12,1.9796,10
2,1,0,4,2,1,3,1,2,2.0,2,0.0,0,0.0,1.0,0,0,0.0,1,1.0,0
5,1,1,3,13,8,1,2,3,0.875,91,0.5,0,0.0,0.26666666699999997,0,0,16.4,4,1.6,1
17,1,0,6,42,134,5,1,14,0.9375,936,1.0,1,0.0,0.208333333,0,0,54.0,47,6.8824,0
8,5,0,11,28,0,5,6,8,0.6938775509999999,366,0.571428571,0,0.8444444440000001,0.25,1,4,43.875,19,5.375,0
21,1,0,19,66,112,12,8,19,0.8,502,1.0,1,0.0,0.18095238100000002,0,0,22.38095238,12,2.0,1
6,3,0,3,18,0,0,3,6,0.64,128,1.0,0,0.880952381,0.5555555560000001,2,2,19.5,1,0.8333,0
9,3,0,7,61,28,0,7,3,0.925,749,0.6,0,0.8222222220000001,0.28571428600000004,0,0,81.11111111,7,2.2222,1
8,1,0,6,21,28,3,3,6,1.0,70,0.0,0,0.0,0.175,0,0,7.625,3,1.25,0
